ID,RiskScore
0,33.14529017931392
1,57.395796881438706
2,30.604435365836366
3,31.60301383479817
4,35.45864455265423
5,73.1300909986253
6,31.11643013732901
7,27.649476588039853
8,31.88761190163713
9,61.8237593269085
10,51.86708041954142
11,28.964822143127535
12,48.16922170601371
13,37.554811757983245
14,52.72794760761014
15,63.03534154951016
16,26.82675794026884
17,26.94384999958786
18,67.77805467560945
19,56.946702184214914
20,76.45546473738479
21,31.541566303886633
22,65.5394456408406
23,35.646288809913926
24,55.441163398551836
25,30.315335679355016
26,33.627703846625884
27,29.47397919750751
28,55.65799167092361
29,75.79185989919874
30,32.2703524539403
31,64.5726595918692
32,32.808947350274096
33,30.401877283554292
34,36.70545364814346
35,34.499904574626186
36,67.90774079880443
37,56.937789362593634
38,46.61443252280296
39,68.46317247199654
40,64.70418788581915
41,58.28258147005496
42,75.87261952485646
43,28.38087726339549
44,46.97959995172785
45,29.559155922628726
46,35.14681542467312
47,71.35190735348627
48,30.658849967975456
49,35.01533622798416
50,61.88607675398177
51,58.86393967518733
52,52.913851469255704
53,34.13059878736799
54,31.428954443323846
55,33.707459196793494
56,74.28051570399809
57,38.348543513123744
58,42.50974154580644
59,58.178430532253955
60,74.07744805713187
61,51.05422992971688
62,28.103069518152253
63,80.48191501630582
64,29.7446379914431
65,32.17060703206092
66,57.523477178702464
67,63.35306956894311
68,37.90710700427621
69,64.94055156087323
70,39.174406888391786
71,41.13650418225824
72,48.83686738842846
73,64.18366963663581
74,56.76365522542757
75,62.01844737691097
76,67.09136541214689
77,26.855716961639295
78,50.36555729069411
79,61.60676242288964
80,68.22244517245306
81,57.37760673103691
82,57.95222540770297
83,36.34091116356878
84,69.39654668584714
85,71.28812538156667
86,59.48669606391395
87,26.835113027799196
88,55.733081119531434
89,75.93413594718632
90,31.14598911023655
91,59.83585583358489
92,34.44299427999781
93,30.135037047273194
94,38.7329859540704
95,36.81756695202003
96,35.22030041367806
97,64.62201415050217
98,33.009844434807576
99,61.74854411762962
100,33.958940855324585
101,33.21034470929138
102,70.88847375846854
103,71.58543687190446
104,30.174983686782518
105,83.63885968575812
106,69.64571268911608
107,70.00529586431159
108,35.828610782027546
109,75.2732982490332
110,49.683503415404445
111,64.6404631438057
112,79.9141636847056
113,69.35243532333749
114,64.633218053251
115,34.709357600619256
116,72.83583315106492
117,57.10762600386809
118,38.377079678991464
119,46.28422189646943
120,31.3791360855027
121,73.61894662598691
122,30.97358947835886
123,58.50512268318066
124,33.09775786988512
125,67.10204538542179
126,22.352785635286793
127,28.394728535697794
128,34.54042904129643
129,76.79660685964274
130,29.897989596507195
131,66.23337757118594
132,72.3837399095456
133,77.93414630254236
134,26.695830206941054
135,36.029906490293925
136,25.306623164088066
137,34.12612214964548
138,35.83199281684729
139,41.38854507679152
140,49.38011193651128
141,51.412406113650846
142,26.441734682377408
143,26.521061818062797
144,68.34087290032849
145,30.764288973278248
146,55.12912666057391
147,72.40947411868005
148,69.78211056262975
149,70.92849097215705
150,38.379212370756704
151,31.495237530646584
152,70.52373277372507
153,45.707470860368545
154,58.50144274090515
155,37.566810110430424
156,67.08877902429784
157,69.13164951693827
158,62.59868164489464
159,67.76676158802987
160,48.820716868253264
161,33.24684873436041
162,66.48113973890744
163,36.04043954417343
164,45.94436530779791
165,54.689022410573614
166,31.125111319742906
167,46.12027434503887
168,34.39076206921153
169,27.41781672626938
170,36.5597518636862
171,38.07588991838331
172,64.0468860098622
173,43.46353881255516
174,34.76823622227201
175,41.25377114812374
176,65.60496231372458
177,41.453327170767864
178,34.8109086806465
179,67.78598439888643
180,40.72978212361209
181,35.05598213832636
182,68.67669728013375
183,46.64180657750336
184,76.2287983579193
185,70.499607882567
186,71.11347252090707
187,66.4799810475969
188,35.28470258855633
189,23.11054874330207
190,28.64922235293743
191,73.55197738433041
192,59.561546240078954
193,31.697593294943424
194,64.3892578775281
195,29.62962021132713
196,31.248539338090914
197,63.18439926895149
198,74.91278162458744
199,35.78366442550811
200,29.013699320319553
201,60.81894526734896
202,29.95781558917747
203,33.15471212546374
204,73.89743231005255
205,62.977470946101505
206,62.016404581125414
207,52.124240670427966
208,57.12867322829316
209,71.74358390118604
210,28.43753468657836
211,28.672514214538005
212,69.88736753667034
213,66.81466281915101
214,38.914064494561075
215,58.04070467066638
216,69.80681500197089
217,75.0966592773492
218,55.84774253688714
219,31.30199159130484
220,32.8302503279936
221,33.7491219006411
222,31.898401313977317
223,59.36823693752276
224,29.493950785899486
225,67.45832945226977
226,56.17789208956022
227,31.86309054394262
228,35.82581356103257
229,38.3968918486418
230,40.44411453700139
231,54.3132617406839
232,54.80116341956057
233,60.97177924269445
234,69.7696085232294
235,40.765292896768
236,30.39879440980856
237,53.893349648381374
238,61.66074300829294
239,29.43426602342403
240,64.5488833344676
241,67.71048980979988
242,49.54270131822138
243,67.8234189789195
244,66.17028924178481
245,69.46753195907355
246,25.25296398547831
247,42.01913358250861
248,78.12742966131894
249,24.433271119231897
250,62.47174649226982
251,32.019143658113755
252,50.90948491194015
253,38.952495578945886
254,54.002938700303616
255,35.58400101667467
256,56.724041595246774
257,66.47648304817932
258,64.81035569152124
259,35.0536564832298
260,51.5289900128924
261,48.19595771315519
262,27.776919456251242
263,77.58906978301863
264,60.67896633920631
265,25.328527345410933
266,44.0367057930352
267,22.026938595246293
268,66.64550935114185
269,79.1822791296663
270,67.00386350158982
271,69.23853289555258
272,32.10910118037748
273,49.152175324652504
274,28.774841161813654
275,40.02795279326975
276,66.31864161530463
277,33.012673320868274
278,60.272605120594804
279,27.040341726674185
280,62.05950712294108
281,60.71419533951004
282,63.6676273563416
283,58.079447116367604
284,36.312050365641355
285,32.04137991398184
286,30.37966537808721
287,73.56874495691693
288,53.07051504162487
289,33.695987768956414
290,62.121651797031376
291,38.41021825127377
292,55.86526988245912
293,67.25835302007269
294,29.98759655589248
295,70.94998793974713
296,65.31769918090924
297,33.74878082584074
298,36.404263964242176
299,74.44162421449509
300,50.014073662962545
301,69.45749806990858
302,53.141071180985904
303,34.9120221253865
304,59.11586739801538
305,27.78928530004761
306,34.1522720347216
307,69.47540632187005
308,61.36559166421428
309,31.2191221327826
310,61.363142847435455
311,57.797159055229905
312,56.557427765698165
313,40.10962525557812
314,64.0635535374096
315,73.57483465597127
316,38.344024696995284
317,35.10196015417071
318,66.56746306569568
319,32.733086349874554
320,29.75605495691275
321,33.71621054335621
322,75.05994275605862
323,71.30260063024879
324,83.90865581049171
325,31.79297449894643
326,75.26083665506081
327,31.268286740216695
328,43.58671519226528
329,30.514839310652057
330,55.57607468929625
331,83.68109739506268
332,23.331598969192804
333,66.59687676818893
334,60.21190158770014
335,59.98220039166138
336,58.071401955764074
337,32.80335083531715
338,33.832237913547
339,52.41895157428951
340,73.85229515559689
341,74.76467726018012
342,70.26758011796582
343,61.25844703607935
344,32.44066471228891
345,32.171471355395596
346,47.20581526251509
347,39.336676849620545
348,38.64065039749398
349,26.929809932178472
350,43.42585614835613
351,31.930545176757853
352,66.83519933295364
353,26.53866817221798
354,33.95365661330713
355,33.25255363577804
356,28.451590485308714
357,28.503600725149767
358,27.559653957173595
359,69.60871238545089
360,26.457098396420868
361,25.28513931001789
362,33.421620479019595
363,64.49692466841356
364,53.4698936287895
365,55.76901267227238
366,52.855390161388996
367,31.69066220123146
368,72.52932213039003
369,45.39933677484834
370,35.47700293027084
371,32.22995144953937
372,32.620950657986185
373,69.38939334426621
374,58.33348288597525
375,37.26459709661326
376,30.225566570484936
377,62.36551047740011
378,44.80548034707778
379,75.00466896043378
380,34.96792535869403
381,30.151469681469045
382,60.59720642818273
383,69.60854282132414
384,55.2032430393766
385,64.57423366719497
386,26.390655404761382
387,26.850906188476316
388,63.61146065634211
389,32.57322249950683
390,66.13211943898735
391,67.50419042198321
392,60.974256691796
393,41.0233039072223
394,67.45516539615696
395,66.53470721636513
396,33.50312546710151
397,30.308800667278447
398,73.21274788088684
399,31.553057683430943
400,58.526672535894264
401,64.11383251941797
402,27.85083483785158
403,65.12426836881991
404,64.93118251312728
405,59.6217944305337
406,30.025116441362073
407,64.41270597552212
408,54.79972568967436
409,33.29704811738875
410,31.711382678625448
411,39.3029043770168
412,30.519280013307394
413,32.34305474033344
414,58.10076513560101
415,43.44276354599434
416,48.59299836922302
417,36.92809645436301
418,30.07765420939974
419,52.79884024396871
420,26.953145176089464
421,39.56023219209317
422,31.16283702857931
423,63.246868169517725
424,26.325677821054306
425,54.7605128764408
426,31.824654279055345
427,33.41891919978383
428,57.498658709287284
429,30.30779154699536
430,59.571751434250096
431,30.46398904674769
432,65.11003578025199
433,70.51471725685312
434,68.99124974974035
435,56.16854139596407
436,27.427599407661894
437,64.91162231632762
438,40.69504448570596
439,49.68499845371466
440,68.41555196684489
441,30.142127189209255
442,74.62726906932936
443,60.5011371861431
444,69.8121443080409
445,69.34028425290458
446,64.96051093404594
447,38.118776638166466
448,65.23648047453668
449,77.06357211798849
450,68.57223525333265
451,72.78326507349125
452,29.6840218564434
453,61.42423088863525
454,64.78393223925318
455,33.71119178942762
456,41.87182304751168
457,60.7726938918251
458,32.860915142716564
459,58.55771832135648
460,34.165549710638516
461,36.38834795945787
462,29.902861493037236
463,52.236054028562975
464,28.94615851317684
465,38.54053930334334
466,30.90342645423229
467,70.62465721400484
468,40.45741795045531
469,76.41364264904941
470,62.41147435022435
471,70.08640962637554
472,35.33846364619819
473,34.34453698348579
474,30.215232802118145
475,65.80072163829314
476,30.372674909772577
477,70.57207644893788
478,28.878716728623615
479,60.51810451534796
480,57.61247997514202
481,39.72934276229999
482,75.09320637076274
483,36.57826876694307
484,34.02806158058239
485,43.33944553470356
486,71.30878417915633
487,33.65976827706628
488,70.45079254516327
489,28.26500290882634
490,68.60569329708751
491,36.60900214769691
492,69.92868109645015
493,30.92117759268514
494,64.45277093299886
495,35.315942484306674
496,83.37319645219836
497,65.38812806963386
498,53.37739053125233
499,24.845845287970093
500,43.519588605486994
501,39.136237995879284
502,68.79387638894079
503,28.00542110500912
504,33.75073771706187
505,51.83123705956973
506,51.83370798674498
507,67.79313064955154
508,28.51951945380845
509,76.07545145331123
510,50.57238839646961
511,47.94543644826606
512,28.588197551022432
513,82.43241926237843
514,65.7086859826506
515,34.38866139496226
516,38.13084975421979
517,33.56004588413997
518,39.523563376198496
519,42.7367765957481
520,65.43044775765074
521,71.82121421195177
522,65.75407119323303
523,28.459045106811317
524,50.10261813312795
525,65.08232187010046
526,51.046180374080514
527,60.37665943532218
528,22.048320147131108
529,39.31691888508391
530,32.74327113934265
531,25.569162190228916
532,49.43925966075636
533,56.3348679518697
534,65.67388396020837
535,34.11262886699636
536,57.73647346158281
537,72.25974230301838
538,66.3662485127509
539,73.55559241896094
540,62.02580195723011
541,31.038225232436474
542,74.40891200681861
543,51.62181630575734
544,65.44522153579247
545,77.88584980835776
546,69.894955562206
547,44.74042350620523
548,58.39609755066937
549,52.59154862700022
550,35.48278281390424
551,34.95153264602245
552,55.23186396625453
553,31.238923380422825
554,69.21252766115435
555,54.75019806673244
556,50.33218729664523
557,36.633803241852526
558,67.1223371282579
559,40.81537992407939
560,36.385584062994255
561,66.05455544718484
562,72.1541551123708
563,67.46233166144312
564,28.875173090108937
565,72.29693122534579
566,42.82038559741609
567,40.973814237662474
568,59.83059909662328
569,31.3148862119803
570,76.23656401178258
571,32.56582932291898
572,64.96605166409408
573,52.959146181965494
574,35.707200843711746
575,34.98863411468098
576,50.191748673467416
577,28.85111892921008
578,56.62236798262356
579,31.114064874174446
580,29.215195686531658
581,30.74021601404636
582,69.81909325429024
583,50.73426583868136
584,41.15855212255064
585,28.959374657611846
586,75.09968755228137
587,29.579654084399273
588,39.058630888449784
589,31.38387184725689
590,60.345218896968056
591,40.49850942840732
592,78.71315040383801
593,63.69240752489337
594,64.8785409891787
595,28.92483324565162
596,72.16261357680133
597,34.64800912741736
598,52.7937952435916
599,58.478983110309635
600,34.18252157355324
601,64.19492003950293
602,56.11687585457267
603,72.00288439967208
604,66.8451103659774
605,40.85644764084711
606,37.90128069584347
607,68.7380365335489
608,34.24026666788501
609,31.050881247424037
610,64.52685290409066
611,42.127470148551936
612,33.97989204429987
613,53.41948562685134
614,33.23620271656414
615,33.51124308754942
616,32.637016200548004
617,27.48557778390218
618,45.25270072378605
619,31.370797302561563
620,37.22323458823651
621,56.77958514521647
622,61.124103233659866
623,65.69673948228139
624,25.901036092976675
625,68.8169807907062
626,60.410375513615904
627,60.179663645600655
628,75.19697377252709
629,34.569699873881916
630,31.96444341687824
631,35.12800143230347
632,73.64973149749324
633,34.571430644736424
634,29.604128286011886
635,38.655147982214835
636,48.13239446910152
637,66.5803438382664
638,31.782682187307664
639,71.31562271918135
640,70.15531760315803
641,33.03387685853639
642,34.97837647630462
643,71.07352748389043
644,60.05656191814715
645,30.43774396926289
646,71.55214216307468
647,60.58377638589353
648,54.32220456086826
649,81.63517949275298
650,33.46844852258859
651,31.762897320873975
652,23.45193974663745
653,27.97090978585458
654,35.208627870468845
655,41.46303839147792
656,28.328857311348386
657,74.82157389436905
658,32.05028426270878
659,40.64642326888492
660,36.74858837381547
661,25.577268733601365
662,30.27908571475305
663,33.18818171219024
664,52.525063555885325
665,65.75818688497509
666,29.330942039340492
667,39.177209629040334
668,50.29245610207166
669,31.748858956834077
670,29.700920015926037
671,33.33260912506752
672,27.637235509076653
673,29.165725339527448
674,30.738961991342897
675,69.70621057735372
676,59.05076797115302
677,32.04184376288831
678,33.854902937838354
679,70.83941157157695
680,68.72250990194
681,38.031559005793284
682,34.01480695954851
683,44.67834626628124
684,29.85418811656735
685,49.30822742184019
686,73.23462896443881
687,33.50524781968235
688,73.15783909817875
689,62.68595128834214
690,35.937538516675986
691,69.84071575851024
692,60.070974097436064
693,48.33564253119307
694,26.05564783515228
695,68.38783618533894
696,53.272317746964134
697,66.62542348739663
698,71.70821172002636
699,51.79049522688129
700,57.29605281409496
701,36.64925264815513
702,28.637254308043318
703,33.17593540928138
704,29.457465195311876
705,28.44812302675524
706,36.11168000940767
707,68.65346160555627
708,54.126411348208705
709,37.36266961400139
710,62.93850013234055
711,64.4372959382899
712,37.51063437452197
713,75.39411171376801
714,69.69544795753994
715,24.665561107848085
716,27.804289633567755
717,64.6204610547301
718,36.81826885512981
719,43.20762709792433
720,61.15685286703334
721,67.71768138890383
722,31.596845965987903
723,31.48780621626132
724,59.87534677679577
725,33.59819808235061
726,28.81886391233065
727,47.609628678941974
728,65.73119305696228
729,30.57791954543722
730,46.127409043130555
731,51.303633831501486
732,34.43496705104912
733,39.54704024812757
734,50.36495526774523
735,27.066495994091603
736,60.45608098960137
737,49.21626115978989
738,39.786107549674185
739,30.171372043529274
740,29.498276540092903
741,69.57927338068195
742,48.0186784898744
743,52.795568306093955
744,29.177690476177958
745,58.818813176823426
746,72.6953397641681
747,59.25968869734416
748,33.4560164398648
749,42.013083663633424
750,67.71158748005058
751,52.099629482818614
752,77.92413758264823
753,58.28587510046131
754,50.15036799127575
755,50.91055103780917
756,27.88753060885879
757,67.50337508596999
758,68.15994944667534
759,60.71867179600142
760,29.940547913091358
761,38.673583451991796
762,40.28946806487981
763,39.1446262380593
764,65.30901051688348
765,65.12301044751217
766,28.71718210164851
767,81.74759232250453
768,24.498776853445136
769,50.609149834037225
770,33.991425428115924
771,71.63993694353988
772,63.053625858895785
773,27.38922683934382
774,28.35256187643165
775,40.94577902541206
776,36.44669246148866
777,32.0051791936633
778,36.29156823939636
779,32.40816791490897
780,48.626243899636655
781,53.622949392595224
782,76.50326977976557
783,68.89177531720172
784,39.07660221792297
785,29.196451347105018
786,59.55670036762285
787,69.70894047124621
788,66.78413885098371
789,40.157963479022115
790,69.16874882794886
791,31.024420176450256
792,33.85945642046083
793,33.13434554356438
794,71.59289568999633
795,35.31370666084126
796,42.87455848386807
797,31.8078075473965
798,76.44347209640154
799,63.33537274240604
800,69.73918545766203
801,42.799298653049476
802,27.52065043038923
803,58.8422847808899
804,67.29319687473016
805,67.09415107510912
806,70.53797456063633
807,58.016301489468134
808,71.93897583261278
809,51.13399758824413
810,75.62447535804434
811,58.24124014851667
812,29.177879918905596
813,72.59782397253352
814,42.73127748920712
815,72.55015490680356
816,26.874458830942913
817,58.002597079700635
818,66.06803020083024
819,32.83972970927745
820,32.390188417304046
821,57.39493912691785
822,38.098657618293146
823,61.98999063381284
824,75.80881090800304
825,84.54595604430747
826,43.43814101768665
827,32.54383633048113
828,28.165962673564167
829,34.80934315743487
830,31.814606248064514
831,62.30661007775385
832,42.32345840950772
833,56.13042578599229
834,31.73817881380114
835,63.573202473059084
836,27.68157552656153
837,36.051564454314644
838,32.01323307858916
839,60.18728484203892
840,70.135844794612
841,68.59265574697547
842,63.48620420443022
843,48.53116556987033
844,86.54071384914076
845,50.067855324652015
846,40.45275480240413
847,29.38826561451286
848,67.58814297508967
849,37.226461211937966
850,36.902476662341854
851,55.21792375156046
852,47.96927833972703
853,30.135352168788387
854,34.541278969449856
855,28.519935433246374
856,56.95037078053751
857,26.855726603147133
858,33.443129912939526
859,67.07019753786469
860,33.67101760334728
861,52.29730510793951
862,43.06064411910568
863,29.28650482714297
864,29.234968962879186
865,49.03994400767175
866,72.13177390214818
867,27.942707081631262
868,31.001202036898405
869,71.50947551078191
870,28.577212736958224
871,28.550067357434614
872,44.93436405630963
873,52.625121221431
874,27.52460845525487
875,74.25400373847592
876,32.90860126946875
877,32.245470272963765
878,33.70949533723867
879,32.17810118399446
880,29.304929964296043
881,30.34515486706762
882,74.7430836003685
883,33.89139929220349
884,41.70379605307509
885,28.68737713539729
886,55.65907401461645
887,53.01172161219829
888,72.47907020299975
889,67.20049908695745
890,32.21027875959278
891,32.74378252586231
892,71.94583304007242
893,28.616608649784922
894,36.2576680365994
895,24.893957358061606
896,37.37448400188177
897,48.21061487536915
898,53.971735682375
899,69.3551582547967
900,30.245109494766346
901,74.87367842160171
902,73.78811531304112
903,77.24248324163125
904,64.31055257181579
905,75.36641356152573
906,43.43539024086897
907,74.00579936393245
908,62.237955202500686
909,57.8618865112598
910,42.366100345689645
911,69.2530680033791
912,78.59306850641376
913,61.93368145403302
914,30.878439985322345
915,51.89066576789055
916,59.76401295408505
917,50.886548892815306
918,28.447447873065187
919,36.39209689567271
920,26.148645219385493
921,31.15804318454795
922,49.59654970404904
923,39.93792474252851
924,66.59595825103665
925,83.99673602814772
926,62.80591251765934
927,37.84588899010803
928,52.09058027767118
929,31.402204057053424
930,36.76156826389647
931,30.90330742588887
932,28.71444922950974
933,45.972836658984676
934,35.10583084490719
935,56.850582171779095
936,69.14864044682751
937,25.80213322627438
938,60.78063555158948
939,57.21571642172053
940,61.27118906568989
941,36.78303885480098
942,37.52425591743409
943,68.86372933478218
944,32.24328804007793
945,71.45552957873484
946,37.25705031522618
947,62.49892349606912
948,40.05473293761044
949,34.58010163437621
950,29.7360779455571
951,50.65463236065021
952,48.77979031817558
953,60.27917901861929
954,37.18387029773848
955,84.70465243866653
956,69.78433563610993
957,49.76329543012275
958,40.43519616704004
959,30.114105505076907
960,36.329768320203186
961,39.89956372437002
962,27.648585149781432
963,72.59317998177036
964,52.69358829310232
965,39.29641247351037
966,33.00629703389717
967,66.01423546033315
968,28.630317949642134
969,27.211263811313827
970,64.39793004487396
971,32.18837965174317
972,29.856294647702235
973,54.47200956365853
974,35.77812220827133
975,31.625453565171114
976,70.23058546900144
977,67.45740053632922
978,63.05284659366929
979,33.77124349270664
980,57.924372275229324
981,29.099474526508345
982,65.82309806757459
983,29.40242164601917
984,52.782925757792306
985,51.4985421722037
986,30.88784183800312
987,70.31090995275802
988,28.60654206794979
989,70.39124208758614
990,30.93947548986803
991,57.6521594552914
992,35.00107030633356
993,30.094749833977694
994,68.34269640011279
995,24.987456866641196
996,49.02883283845752
997,27.48286373229429
998,75.31079242888964
999,32.18562945834901
1000,31.024447855244254
1001,69.33412132181228
1002,29.354999702724115
1003,58.79874432256325
1004,63.008743630161675
1005,26.69102268170122
1006,75.4274912090859
1007,32.52294791293347
1008,66.34964042215013
1009,29.880364479753652
1010,83.58876212722697
1011,33.26493735138135
1012,27.924442986820104
1013,78.635280149557
1014,39.98298584312343
1015,72.8507955019623
1016,35.55029767555524
1017,43.13252606518395
1018,28.550828450241376
1019,66.96873801460261
1020,28.070193211651443
1021,39.34798587120986
1022,38.69318966997803
1023,62.12246418523672
1024,68.5990085511682
1025,29.69777812105267
1026,34.12022400120093
1027,31.259208208543825
1028,26.13005767810698
1029,28.29807331834256
1030,61.14302098121195
1031,29.77684397593918
1032,39.16447162945335
1033,31.436889228516378
1034,33.93339605515823
1035,71.1897120948358
1036,67.06719733539019
1037,65.66950045261962
1038,55.1420219169939
1039,66.80014619874362
1040,54.849433121087884
1041,27.848497769436356
1042,64.69764052705658
1043,70.4896827288434
1044,24.993346596348786
1045,64.15064806304602
1046,38.48333450614783
1047,36.1911520692801
1048,50.54373172735964
1049,29.007466473220063
1050,31.68107961329391
1051,64.43819358236286
1052,38.2056865333731
1053,56.20523708843453
1054,66.9900547990378
1055,38.87747070389295
1056,28.902427813876614
1057,29.93775760692366
1058,60.4008089305558
1059,30.42090053846446
1060,58.97176928092243
1061,60.76846041206702
1062,72.87962864890369
1063,56.83614892538755
1064,34.56732276057831
1065,64.58194328781774
1066,53.44554942566323
1067,41.483118777177765
1068,34.22859414614348
1069,31.104867501870217
1070,53.412728606339215
1071,27.0958369032124
1072,46.65305616275865
1073,33.062653219807174
1074,62.155639502744876
1075,34.69319985390517
1076,72.34202605990654
1077,39.450559186475424
1078,56.848683408893315
1079,52.36385558219341
1080,32.61938774807718
1081,31.005883179374393
1082,33.472822638683766
1083,68.60679408321845
1084,62.667793481246214
1085,30.57070167043507
1086,33.1933031338952
1087,60.29670460480896
1088,32.53953036067564
1089,42.446503250019674
1090,32.525583532031355
1091,71.025428536721
1092,61.20688917093849
1093,27.31006380554289
1094,34.96721253411916
1095,68.75478182788375
1096,36.7818947691183
1097,69.47020438760048
1098,64.66122805469732
1099,73.70972870087189
1100,27.25493396906044
1101,26.266174514268975
1102,59.48579695044426
1103,28.547220661849124
1104,59.811788592615635
1105,35.84943880950881
1106,64.62259050765378
1107,61.20653326815998
1108,24.758094855642007
1109,57.93873268260295
1110,46.071433721737975
1111,39.73680953809135
1112,55.171150847547324
1113,32.741982184371416
1114,58.53130057872005
1115,56.962465596593276
1116,52.2602757835985
1117,35.2282190897927
1118,68.37379757633074
1119,30.5626608114314
1120,37.83608260422348
1121,31.403551627625006
1122,30.791530963857
1123,33.27584749166655
1124,60.9443233981443
1125,29.29553296322139
1126,62.47077537848767
1127,60.841265252411084
1128,36.03299128942478
1129,36.49056591554468
1130,69.44805791333968
1131,74.85295446070499
1132,33.36098822061039
1133,35.58630154080237
1134,59.7319390275627
1135,45.68686506328399
1136,42.893747367920184
1137,44.99622281405621
1138,55.48609445512682
1139,36.402815647267055
1140,42.114718876696976
1141,55.174339570458685
1142,76.87049387789679
1143,29.946324963949245
1144,64.05218523609682
1145,74.35378884292435
1146,27.25413861557864
1147,51.43836591263999
1148,32.64384945463013
1149,74.1538904474173
1150,27.533281200842055
1151,36.80379931498322
1152,29.539710337258292
1153,61.39875143632495
1154,34.47995991768124
1155,31.13125469657154
1156,34.57131069312213
1157,70.32029442385974
1158,71.79111873972661
1159,66.75406277982626
1160,30.893201932219654
1161,61.472430186765315
1162,64.88086935616724
1163,31.945064354931404
1164,68.00308860475059
1165,69.97316735126293
1166,73.94519846245618
1167,62.137245119739305
1168,35.560645854039066
1169,53.16833492430183
1170,27.514130038951556
1171,67.67635503922497
1172,28.460440719954406
1173,59.92559148428033
1174,63.51375092119567
1175,56.996846424387954
1176,63.956994839395726
1177,65.80572229050146
1178,35.72810385574944
1179,29.860339133969383
1180,34.98633275710088
1181,70.64054879291275
1182,40.345094223231285
1183,31.359669840387518
1184,37.745591476433816
1185,36.390560112257894
1186,64.82951003136733
1187,56.29105460452317
1188,27.385900879406726
1189,27.842809245335907
1190,28.077535807207845
1191,45.64766516164235
1192,42.575389046382355
1193,35.10504014532317
1194,50.81313867535452
1195,37.96230539243978
1196,30.677619006282285
1197,66.70752422451308
1198,33.44186858875261
1199,56.01893675255886
1200,62.92322172527116
1201,37.33496826603762
1202,75.25253332177213
1203,60.98448098256758
1204,62.60734990661097
1205,29.944492964891218
1206,33.15951806787921
1207,52.74566120933821
1208,41.95073793818963
1209,63.551977731065
1210,64.49830495119141
1211,52.83446853765562
1212,74.95924958039313
1213,47.12227937623983
1214,69.44224063660319
1215,62.32820246086978
1216,25.406615410188238
1217,58.08169746431391
1218,33.7445432470035
1219,61.21795104428989
1220,48.607943270715836
1221,34.16735317812541
1222,33.945216939574465
1223,39.58837134212231
1224,34.16351563206028
1225,60.538188693293954
1226,75.64665095492141
1227,59.525378160038784
1228,52.26676085021421
1229,74.9665744568486
1230,47.342757211846376
1231,30.17312584228712
1232,51.29327020859952
1233,60.74911022734892
1234,73.21162932523345
1235,40.50823514113888
1236,70.76066428390106
1237,55.414960766631864
1238,48.23977914493871
1239,32.080812725172784
1240,32.84232826389797
1241,66.07441009621331
1242,32.53129298413113
1243,32.74189004784575
1244,47.88448869656656
1245,56.492904895001445
1246,74.59121740274135
1247,44.533582972478094
1248,77.77954430309204
1249,32.36158572051326
1250,43.15918286678236
1251,32.399912863220536
1252,28.727918499997322
1253,29.013643874220172
1254,77.47396013728235
1255,61.92483846362347
1256,53.652629862993834
1257,66.23003202322116
1258,69.80473191300213
1259,68.34562962838302
1260,69.43891063329897
1261,33.34541362019984
1262,28.923776248197022
1263,77.95907095473802
1264,27.796040554949087
1265,61.65511057458201
1266,33.222434032246326
1267,64.10080360424949
1268,27.30133944092384
1269,73.40404659136367
1270,53.02458759187434
1271,36.41106602845136
1272,37.929965322264124
1273,39.277518975539714
1274,72.48448769988009
1275,62.427108843406074
1276,62.62606097148671
1277,30.12141834831519
1278,57.03330847601093
1279,27.62486967459803
1280,74.69795691932376
1281,57.87079645672031
1282,60.37471603714789
1283,33.87303283934602
1284,64.7574057835437
1285,68.56002465321542
1286,49.731275574139325
1287,40.68890196446618
1288,49.94625960101951
1289,63.81575502658592
1290,31.387550048700554
1291,72.60248454815226
1292,54.09908439978986
1293,34.00425456124417
1294,47.858642428746855
1295,63.172623097995505
1296,28.67266901428212
1297,32.01111059847774
1298,38.4576728112358
1299,52.307503810364516
1300,56.212328006680366
1301,70.23606901976719
1302,65.53650641459616
1303,62.86391285225568
1304,66.22826018654175
1305,49.56097713709346
1306,64.56640448447926
1307,29.425975453915107
1308,54.03425818462166
1309,34.009236458963706
1310,52.04123641396341
1311,62.63281577345649
1312,68.66429847586845
1313,33.54037214226965
1314,26.836759132813718
1315,30.036766894612605
1316,28.69029051367201
1317,59.377472987117685
1318,30.688339744596952
1319,37.60047825345646
1320,36.940678405365006
1321,34.212534333486424
1322,74.31899989607514
1323,71.59608400294536
1324,36.24283801252345
1325,61.6892729973669
1326,42.90203663546901
1327,28.313373557348
1328,76.98495341470064
1329,38.70007309384389
1330,70.09597211388242
1331,55.01316161667043
1332,23.220203704804234
1333,46.08041261934414
1334,74.10932573587141
1335,71.84639373620809
1336,68.24022486548425
1337,29.083066569192418
1338,53.1741042344173
1339,58.6510731872869
1340,28.489534589813246
1341,31.582412871247065
1342,30.944157943957876
1343,27.438688974813445
1344,26.592777660394987
1345,32.532123810676154
1346,57.413414274942
1347,29.043827080238877
1348,64.40434326546278
1349,66.56085759750998
1350,35.71673408528714
1351,60.03939082248098
1352,28.628009400822805
1353,71.99668169320424
1354,72.8194704438213
1355,48.52274331512102
1356,62.816083816763054
1357,32.5469919875613
1358,29.638879979722745
1359,35.35001324974028
1360,53.121613170317566
1361,66.52780197023264
1362,35.200514556792214
1363,33.63035200366756
1364,29.369561272898466
1365,35.21322212842319
1366,47.74024376086988
1367,35.78607088684812
1368,59.63247931132095
1369,50.47976436403221
1370,36.96882529507812
1371,30.632358613018347
1372,33.58314250105798
1373,75.88233500485703
1374,30.948540316035533
1375,28.05262872399379
1376,74.90923959366258
1377,33.36675548059661
1378,63.97148743593982
1379,28.205948391524757
1380,33.43873212660067
1381,34.154361876201676
1382,30.31380332144495
1383,31.48036239969239
1384,65.63576134967387
1385,73.91568914923056
1386,69.31806942273332
1387,39.1888445049335
1388,29.067674918002005
1389,37.45324613116812
1390,74.61359509376602
1391,35.96419084678206
1392,70.06623439700482
1393,56.977012397733574
1394,38.45021759349622
1395,59.397758855001996
1396,32.558912821695145
1397,30.378399235610125
1398,56.69315284836107
1399,43.9713266522162
1400,25.993631955913656
1401,50.069661707589425
1402,28.114667586966604
1403,27.353630046170316
1404,45.76326729703267
1405,75.08331887462195
1406,33.84119116986504
1407,35.030517654157
1408,41.33828668034456
1409,53.50287102967461
1410,31.116055095248775
1411,35.15187549285231
1412,66.10226428396913
1413,42.6435900896783
1414,60.214170966280705
1415,75.69318138323031
1416,69.297178799824
1417,30.632886631048777
1418,59.77743847583153
1419,74.42438008543995
1420,63.93479436346502
1421,72.8701186551767
1422,72.53418211332901
1423,41.12942860040509
1424,47.92001465386217
1425,32.549886605969945
1426,34.709400785805556
1427,62.9454803968589
1428,62.878005065365386
1429,37.012954924282596
1430,75.66680047550571
1431,29.6493934959501
1432,27.787007438802327
1433,66.02859335646421
1434,59.98960267436591
1435,58.74042696562187
1436,33.577050742154356
1437,28.02218649168944
1438,77.08919040251435
1439,72.44782327160112
1440,70.89204930011161
1441,31.670380060181422
1442,41.10723230460772
1443,27.08472861493859
1444,37.34206415145458
1445,33.08820365327815
1446,31.059300221449526
1447,78.03421210579963
1448,66.7294445807777
1449,46.23204164930162
1450,56.806423823488444
1451,37.49152790579099
1452,33.44668402436595
1453,70.9411935441041
1454,43.53993661734562
1455,66.50354981624663
1456,66.77587950570943
1457,76.05087901310564
1458,40.9619905105978
1459,62.968492627439794
1460,35.05445356492263
1461,61.84445711321031
1462,66.33894402551513
1463,29.968240147259195
1464,48.826605593010335
1465,54.35417609653089
1466,38.817669830775266
1467,30.006410478975823
1468,41.317016308044266
1469,32.60396069798587
1470,42.61210863471577
1471,37.53386694441866
1472,28.634593106778823
1473,69.14668939528582
1474,35.67040936531532
1475,48.40116285340722
1476,57.63147327582119
1477,42.1087374191939
1478,69.3731377167853
1479,49.118751397894165
1480,38.14832742363798
1481,44.58730535265947
1482,27.14429592076805
1483,48.06275759917154
1484,35.789257169100594
1485,51.401426097810806
1486,64.56147300198307
1487,30.263544269186923
1488,30.015065220332396
1489,31.86362516227897
1490,28.519610773459497
1491,39.714704189501084
1492,46.29490827167527
1493,72.95325050690133
1494,53.76011332777196
1495,56.44638206463216
1496,63.80430578605869
1497,28.006861654763497
1498,60.79107996428107
1499,61.542779079313824
1500,69.575602823369
1501,53.8236389100033
1502,63.94513446834621
1503,39.23815777387692
1504,67.64577516910046
1505,29.301493006983492
1506,72.9949035447203
1507,33.56084595577723
1508,38.495339408667476
1509,39.27532732551936
1510,48.82841356500175
1511,68.1139560051982
1512,65.2859378792784
1513,32.88813762416247
1514,33.55064108949181
1515,63.86946470417135
1516,72.59760895969026
1517,30.830711114192503
1518,76.93386009429989
1519,34.17762203587202
1520,39.470382928512564
1521,49.654018531800894
1522,59.115386420978844
1523,35.32748223018178
1524,29.478421173914867
1525,29.370383229912917
1526,43.178467162796196
1527,25.689394510266816
1528,27.929146005253457
1529,28.1514295022129
1530,72.65025356581856
1531,63.599050297459414
1532,64.2261310931078
1533,39.554104298976625
1534,67.3307269101481
1535,50.24354120015269
1536,54.91691439519821
1537,39.09717541331685
1538,29.502246735808704
1539,52.215231800796815
1540,71.40767905776906
1541,50.55154480950341
1542,74.83903590366616
1543,71.22380441783461
1544,54.78216484431306
1545,46.98060686489007
1546,40.31242321312012
1547,72.62514349757978
1548,66.83881435809948
1549,38.9333307268767
1550,22.938046978121143
1551,26.088126490766648
1552,57.74171623511688
1553,61.405276695371455
1554,65.23418602595642
1555,32.717623353505985
1556,30.421241476211584
1557,31.200087720378797
1558,67.9887784232632
1559,61.40680230956886
1560,62.13627778415219
1561,42.673539408588184
1562,71.25197353693301
1563,38.31395875344184
1564,62.54520577312638
1565,27.41472065728975
1566,30.761256503922844
1567,65.09780917932564
1568,38.800592642700465
1569,31.098706988896303
1570,31.015323146069903
1571,33.863806314342796
1572,50.4235572359996
1573,35.15291578727737
1574,70.48122531426593
1575,70.05839460759817
1576,66.32211904789204
1577,31.05944636544362
1578,63.868502897291265
1579,53.50277773958108
1580,72.61303194875744
1581,33.55724027231858
1582,59.53339174633917
1583,56.06904987140069
1584,47.37765091058584
1585,78.07425823871023
1586,32.48471552812704
1587,28.501133154588906
1588,34.017441147073754
1589,40.76224107908645
1590,67.26973215787476
1591,40.85742054891284
1592,26.27705800401891
1593,69.35733796858842
1594,67.64315074156721
1595,50.7460520236457
1596,33.17689081793642
1597,58.90620258539904
1598,57.63642567276236
1599,29.77216401719447
1600,29.837751973055227
1601,74.15487089580041
1602,25.006396227638824
1603,60.857556012599815
1604,45.61210760836477
1605,35.15089666171201
1606,56.392684447075865
1607,68.33183883117717
1608,56.55831742692142
1609,38.743595570192895
1610,62.6582299392875
1611,36.131130939677476
1612,37.95719738878266
1613,28.989277395869806
1614,40.652381854743396
1615,74.82378942264918
1616,34.706841093165956
1617,61.68657246516604
1618,60.8865365708529
1619,35.20402741604626
1620,29.60945804128145
1621,54.96012007311144
1622,63.91509405824701
1623,62.60081643719772
1624,69.7241372231927
1625,74.34740308235702
1626,37.32663450143699
1627,44.017644255067324
1628,28.937381317322874
1629,25.67632325462828
1630,39.811183397899775
1631,66.27731231084613
1632,73.55198940213933
1633,34.92097279487638
1634,48.86129643543479
1635,38.56493135262552
1636,34.9817316463236
1637,45.83212365652974
1638,38.73483546214128
1639,33.03402738557344
1640,53.57093525648479
1641,42.31340746181897
1642,47.63200913313582
1643,60.35007517334732
1644,40.3078350590122
1645,60.76823395287821
1646,64.4962846148482
1647,77.6393802383836
1648,26.462878394246815
1649,67.07548336804962
1650,31.113924190384417
1651,38.21313658004745
1652,49.99970286835458
1653,72.33290017886924
1654,33.55836938130791
1655,59.310958762564745
1656,46.84229891294666
1657,65.03648224985908
1658,72.20128322670064
1659,58.09790696686841
1660,57.97010822744544
1661,30.200511672664604
1662,68.1990901875263
1663,32.04595322269213
1664,78.3060914973542
1665,31.01770452037954
1666,56.73145198537787
1667,53.78842204266007
1668,64.7411765516121
1669,31.262049912264665
1670,39.031427122703796
1671,54.427383202546224
1672,72.14826623298084
1673,37.30370253631175
1674,53.00190132888858
1675,73.44215692325275
1676,72.67201523316484
1677,63.413893098751124
1678,53.62366097255324
1679,31.330810590610326
1680,34.00353025330641
1681,69.52005458245716
1682,61.38356931788258
1683,68.3431058854423
1684,68.50571796635333
1685,33.598948205911704
1686,55.73632111375428
1687,30.212892431409294
1688,73.895406833536
1689,59.156858455776714
1690,53.764612498929
1691,69.10751933507873
1692,48.84151646367986
1693,42.29480265138478
1694,68.47682422181734
1695,31.70459463832175
1696,50.630280502240055
1697,31.5656396619745
1698,74.91264473434887
1699,62.623331338975746
1700,31.66556501469067
1701,62.28833060174128
1702,25.265989536181934
1703,32.56899347225038
1704,25.941254511576837
1705,36.97188771489428
1706,71.9139094139251
1707,68.87901761074039
1708,28.392987996155746
1709,69.99872032986596
1710,64.43983635392857
1711,72.93684418143012
1712,35.751095688853994
1713,31.56259350068546
1714,60.21314579745007
1715,39.604808910453905
1716,56.270798438735575
1717,33.2649541421863
1718,62.47717840488323
1719,30.204258509039683
1720,53.66721244249105
1721,25.894165591663523
1722,28.97290115004872
1723,38.547510486776154
1724,36.64123129163033
1725,76.15344927056607
1726,72.44532146455474
1727,35.19190339192998
1728,57.582814248624885
1729,74.71360600800769
1730,53.586572698385005
1731,30.000764019782352
1732,34.44660492869556
1733,69.83711901768845
1734,37.92019820375343
1735,40.14941619929222
1736,31.159581414849825
1737,59.30981365047024
1738,27.656074775867822
1739,53.76671454831587
1740,38.19628713751997
1741,40.10702241095703
1742,31.39987887162558
1743,31.70992212997364
1744,83.81876974667486
1745,63.497193189014986
1746,51.52032553111775
1747,65.44235244593176
1748,76.11544146397199
1749,28.83079779629059
1750,54.867698360777744
1751,35.78752451773238
1752,35.48857620341967
1753,63.137994658648765
1754,69.32668944102528
1755,69.23505136550814
1756,46.62229031705452
1757,27.30216665835396
1758,30.03341312716671
1759,75.01187231328963
1760,34.030524628069486
1761,30.852671536559953
1762,57.88967156651883
1763,61.02946960925
1764,50.96522667149155
1765,32.34184709307374
1766,66.7581745558587
1767,29.420819995448767
1768,70.82827693070283
1769,67.74793146419967
1770,67.61454910382508
1771,33.081171667389725
1772,75.59905191021825
1773,34.8521945578603
1774,25.382097966178982
1775,34.27218386160452
1776,28.881627177276812
1777,29.81136242759002
1778,32.270635264427234
1779,51.99119632399298
1780,35.9479907168117
1781,34.55562913588973
1782,67.92557005481189
1783,29.565655320107183
1784,68.42447135276134
1785,60.4767785351486
1786,34.16322864200627
1787,57.03807744517178
1788,69.00842947926925
1789,33.18168133281897
1790,39.51748015881904
1791,52.1366933848452
1792,35.07875475188668
1793,33.600008738209226
1794,58.62417582698989
1795,60.46309308480894
1796,69.460731499691
1797,32.70684697804473
1798,66.88322000425607
1799,30.64244934396431
1800,27.977826124349946
1801,48.14157658309512
1802,57.75803197421848
1803,34.291128054604314
1804,31.709591826964513
1805,64.89955609129854
1806,28.757890424830315
1807,29.716755862548638
1808,47.61352666709375
1809,76.14836081278904
1810,57.79456642759722
1811,27.173048728692883
1812,56.68016595763579
1813,59.1902985969875
1814,41.035777671093925
1815,25.807227777860163
1816,60.57896605700034
1817,41.18272078769209
1818,29.293688660987115
1819,32.40467698087226
1820,67.611042181365
1821,63.761640891441985
1822,69.65842452962593
1823,39.187923304772994
1824,29.24641765157999
1825,32.08055051767285
1826,32.05510561453342
1827,28.041312889461985
1828,38.49412379701493
1829,64.0548973486398
1830,29.867852784669992
1831,33.548222604353924
1832,41.843523825368734
1833,37.19976339118934
1834,70.37437333029358
1835,31.97360337683591
1836,35.8894729254008
1837,74.34409091272884
1838,61.722815458387686
1839,54.09721554303377
1840,29.695670945730313
1841,29.10760597097569
1842,39.37187773296128
1843,36.120062781775644
1844,49.97437451736041
1845,61.724716823320094
1846,30.87324412258289
1847,60.95903245882338
1848,64.22439329432282
1849,60.51690450192707
1850,35.43465448300319
1851,69.9260091862189
1852,79.48170285286017
1853,33.02307678673555
1854,60.36950726463401
1855,33.55302541706827
1856,73.35887746694586
1857,34.2472094465825
1858,51.17480109910284
1859,61.83198782467475
1860,31.100351876163877
1861,67.99233972318324
1862,58.34502813940436
1863,43.36390681512495
1864,59.2286481163113
1865,64.26909397773215
1866,68.39638526412722
1867,65.0422482414839
1868,64.10367076054197
1869,30.688489259280765
1870,69.68980516245783
1871,29.71019577956772
1872,49.6886310806853
1873,73.11352119645883
1874,29.821013576291904
1875,33.85431748141596
1876,51.921834524914715
1877,36.93010273946841
1878,37.82656853143414
1879,55.99241984220687
1880,73.55669637378418
1881,50.27159142088503
1882,28.447369827154382
1883,32.39716699318519
1884,59.14138156683988
1885,58.555102501092435
1886,41.95036972093504
1887,29.5758111384528
1888,32.426708243429474
1889,36.572925319748514
1890,63.60938843121342
1891,66.84357577591256
1892,71.38301127412896
1893,31.349757841360194
1894,61.92421904774601
1895,29.935817695389055
1896,71.10596385957255
1897,31.703610840338044
1898,28.873735790606382
1899,28.506373829252198
1900,35.66644569893931
1901,35.091691126928424
1902,45.71387592111192
1903,73.60969371193497
1904,28.282965276431852
1905,36.41087698811141
1906,35.52336036221118
1907,44.821847736277775
1908,42.66414630668909
1909,32.69219882362469
1910,64.71405577716274
1911,60.45275907874694
1912,51.75276357011676
1913,63.5642678886143
1914,29.518985981420904
1915,74.28464477263854
1916,64.89638417060598
1917,44.211315359019565
1918,35.550989049046535
1919,32.153042358639155
1920,61.56049294594106
1921,78.95419340349281
1922,64.26030677205937
1923,28.648188783728514
1924,56.1105395776584
1925,57.12171459161849
1926,66.86167258868633
1927,29.146565682806184
1928,52.03961261563292
1929,36.52125781525858
1930,40.16485596278794
1931,42.942628685077246
1932,36.95771618455521
1933,28.963550679934535
1934,28.670710349830514
1935,32.48067812802186
1936,71.52723391653353
1937,29.322781208514385
1938,58.994240843756415
1939,59.404779305160844
1940,77.81913686593975
1941,75.93851780975628
1942,31.60384304029938
1943,27.511036739628786
1944,30.700741186070253
1945,28.822835485752243
1946,31.172219575470976
1947,43.71377404289274
1948,56.339650412894265
1949,69.4648071443782
1950,28.11646934294464
1951,43.003801030979616
1952,23.12777315306782
1953,39.89289330322396
1954,67.77201199852865
1955,33.417747027287376
1956,48.57379545803244
1957,87.88305990803805
1958,27.42041803685784
1959,34.3405778903281
1960,30.21897686981694
1961,32.17515777770029
1962,65.2679494057344
1963,69.98246547218066
1964,26.08896921385091
1965,67.4671640811515
1966,28.749593789708598
1967,34.771635697249344
1968,33.39830312461271
1969,27.060944771514116
1970,35.7979324485449
1971,42.98168773327783
1972,63.911058778814606
1973,33.03299524112579
1974,56.531659556604026
1975,64.32777871727346
1976,31.728742571540167
1977,28.304447871854833
1978,56.96060977495145
1979,67.15266003986197
1980,55.072016545864
1981,21.51551049044953
1982,64.30381864183936
1983,25.637680708491516
1984,36.83493081111959
1985,31.557603422055493
1986,51.98701043413865
1987,29.24949892398608
1988,30.85682115898115
1989,52.49939965933321
1990,52.93849861482866
1991,51.96531914619362
1992,32.640516263993845
1993,45.51631867174159
1994,54.70170342830073
1995,54.078314902679566
1996,73.93847920904366
1997,66.68572914858335
1998,29.415491724104427
1999,51.95526603091223
2000,61.35804363915059
2001,36.86338631359947
2002,64.48321838390586
2003,65.38535864237063
2004,36.42934489924893
2005,57.33497584099915
2006,77.97619568757716
2007,40.11691774228184
2008,35.86894354798898
2009,57.470736591928905
2010,29.85366649942076
2011,32.43378118479825
2012,36.75195198017873
2013,68.08182073768961
2014,51.26821699832142
2015,61.320522969343685
2016,72.8293085576218
2017,31.859231434795248
2018,67.80606572146016
2019,40.11511734754064
2020,30.100104111170012
2021,73.80819037766082
2022,66.2132143116338
2023,38.1428625794832
2024,67.5549155937787
2025,69.36830036207854
2026,31.57439134231761
2027,28.16961957444081
2028,29.976085013901063
2029,27.57809021244458
2030,50.44766794723635
2031,40.87442195580094
2032,66.71238223086573
2033,51.10612441615601
2034,57.68115043221535
2035,52.56558106246615
2036,32.70696892550906
2037,60.658161481747015
2038,36.75707230123557
2039,68.4751831942076
2040,64.11296424650516
2041,35.89943150226387
2042,69.40020448387972
2043,74.81784040341387
2044,28.335244669955507
2045,33.18589854316377
2046,78.48006050664462
2047,33.49627865197523
2048,38.63784325304341
2049,73.57941422700571
2050,36.486059587870834
2051,40.988625448438654
2052,35.27900506954503
2053,35.04382413448446
2054,73.42104347491863
2055,55.208027008014994
2056,69.12180130720253
2057,41.7526319574417
2058,30.44268262219868
2059,56.24916013668731
2060,59.97056748902017
2061,41.21685429143349
2062,74.96390788135216
2063,69.16517760609972
2064,63.59778897089529
2065,70.13648470137238
2066,62.03575468846719
2067,59.717338742689215
2068,29.929711149159978
2069,33.16744651502219
2070,77.76403271260016
2071,54.319806031394094
2072,66.1610010097788
2073,33.19372311161261
2074,67.78184012255416
2075,52.12817151166908
2076,32.49401375721957
2077,33.89366002910863
2078,69.76456001868556
2079,35.97473274390228
2080,70.88638784764288
2081,50.025025473878536
2082,30.086506571239077
2083,37.337993011134245
2084,61.68882986547687
2085,42.72255808785168
2086,73.60633303658041
2087,28.99070103137278
2088,55.87863445088844
2089,65.02523759589451
2090,60.4574029456902
2091,30.420242488006167
2092,55.66621047877919
2093,28.292850720313673
2094,27.714310451228705
2095,25.328478087771032
2096,75.93818306417847
2097,33.22708343479792
2098,30.861672266499355
2099,30.024618213385928
2100,27.48825801198118
2101,54.229806462969805
2102,33.57158815575288
2103,35.77241588391773
2104,72.17551133467373
2105,37.64432819875279
2106,64.84671035294309
2107,34.449273159524765
2108,46.88974440642866
2109,67.15455506529622
2110,34.59499341987742
2111,30.014102290348546
2112,31.85915014678023
2113,70.82954579824744
2114,60.84417415407705
2115,27.666150675511354
2116,55.73026077740903
2117,59.43806958008118
2118,70.91047001990614
2119,36.984972773155704
2120,43.246851095269236
2121,30.854502931786953
2122,28.757312346164447
2123,35.364769377342355
2124,58.30463489426294
2125,32.60941307174275
2126,30.7176976560772
2127,61.95101869525491
2128,36.463284638778546
2129,68.9723997603763
2130,45.464072738759334
2131,49.38099646296038
2132,32.51589035310357
2133,68.80320959809697
2134,27.323391499333773
2135,31.51498744154462
2136,51.67592661491975
2137,58.35142122369653
2138,71.60931112699072
2139,76.83851465932969
2140,31.02160491622304
2141,31.225596999038707
2142,29.735279273350102
2143,45.52408404809526
2144,62.16467359331539
2145,35.31866883700508
2146,70.1959732197852
2147,33.40201315849862
2148,60.88485144471559
2149,65.1934194614904
2150,47.96189387619454
2151,59.79439651298692
2152,44.84479130803181
2153,76.86980049994881
2154,77.32931972691716
2155,53.45905579293078
2156,57.84987064112222
2157,58.07355974602652
2158,73.9898532018975
2159,75.41710523383438
2160,34.56846789857794
2161,33.76360228645636
2162,35.95531974492088
2163,73.53118507632533
2164,47.322495967717195
2165,46.9516865809957
2166,31.26656367027995
2167,35.69487130425921
2168,37.85436652730594
2169,34.529858227514666
2170,28.129922466614147
2171,68.70061356956691
2172,53.42123891781643
2173,33.06120642618517
2174,53.25557937874596
2175,58.91179488904967
2176,74.04693278085652
2177,57.095111998510845
2178,58.639084630904314
2179,26.220489902680285
2180,27.554139567557044
2181,55.68433422090901
2182,39.40854912011796
2183,37.38422609531236
2184,67.56866382854355
2185,35.491957506419766
2186,33.40814296762296
2187,60.179443815318706
2188,44.91432933217363
2189,26.633523855847734
2190,68.74947129859773
2191,68.53583615395726
2192,31.223865640105693
2193,66.51969958072036
2194,53.77718904933273
2195,53.75877661997437
2196,60.66894075830413
2197,38.71458769091535
2198,29.15820776998919
2199,65.68233719739169
2200,27.804416887222317
2201,30.67492614189505
2202,68.69394442179262
2203,69.53397293502283
2204,25.87128152739433
2205,39.02779365480406
2206,28.22437474039765
2207,28.317140496252364
2208,76.6569960521468
2209,35.659404605822985
2210,65.63569312242984
2211,68.17588060946528
2212,32.205873701299026
2213,33.85110270138142
2214,36.64446001633128
2215,41.755521315894484
2216,31.315700492749244
2217,63.075280430561875
2218,67.75231660905618
2219,27.630804673156476
2220,72.56765750718847
2221,36.92005252557752
2222,29.18519905298787
2223,27.264783979244307
2224,74.1101245811225
2225,36.634401360089456
2226,28.936923739114455
2227,43.39556326816702
2228,32.76867438726642
2229,25.82257146316136
2230,72.80409855349026
2231,68.08190256567671
2232,66.27484649562848
2233,29.23806094628602
2234,52.54749764345442
2235,52.96405633024287
2236,63.20353334706389
2237,54.629818350412386
2238,42.499005462328
2239,38.91459852277351
2240,53.286845300547185
2241,62.40871690360275
2242,31.257141722024777
2243,59.360833151042414
2244,74.10704006136802
2245,63.43265218115876
2246,43.306105151097015
2247,52.112670015489456
2248,26.858554285270138
2249,70.58698990963914
2250,27.678467274186808
2251,26.623307551841293
2252,32.36991988149235
2253,30.795883530921543
2254,69.62359667686249
2255,65.28702281549934
2256,34.7401766414457
2257,31.522038159111204
2258,36.821642043409625
2259,43.34211340148704
2260,52.33154842588529
2261,46.66153383334729
2262,63.296315735542535
2263,52.234573372236405
2264,31.47388705967687
2265,63.88460417540266
2266,57.47484385759179
2267,28.286997936758233
2268,28.247778222866863
2269,36.98045912791587
2270,33.69950594075085
2271,65.11777300436299
2272,40.697899723589316
2273,28.423863526951614
2274,32.25204579594566
2275,48.27673248062285
2276,37.367261645977266
2277,34.697925673490616
2278,41.88764324952701
2279,60.430872071192034
2280,60.58018598641655
2281,40.45707628415302
2282,47.32683454604547
2283,34.354860344980274
2284,29.73817065064238
2285,37.075427900459204
2286,51.15518417678186
2287,29.65214936683273
2288,72.40371214562411
2289,67.72752536467736
2290,25.058166986414726
2291,66.57013919190639
2292,36.95330762253265
2293,45.61670867088404
2294,64.45377678417618
2295,38.992074151792394
2296,30.762341436973315
2297,27.90115395263973
2298,36.49515070848857
2299,34.60991861979326
2300,66.5773742918254
2301,71.10461180959257
2302,74.64576526544445
2303,50.008037342845455
2304,32.81668127709847
2305,55.828258022172896
2306,36.03643371278616
2307,26.189864042815245
2308,29.483992158644277
2309,24.94033190155828
2310,28.95436749135117
2311,61.47436971054274
2312,46.54491109627378
2313,32.70989833250377
2314,53.190337287355455
2315,71.11852840133521
2316,51.400086427567445
2317,31.811575807812986
2318,69.17575445477812
2319,66.66070536582299
2320,49.26298602871755
2321,33.6929280735903
2322,39.504516478377376
2323,68.3926639566836
2324,48.28789889623404
2325,39.85291359933777
2326,29.42932160285268
2327,29.868780419920363
2328,74.61061009259555
2329,69.65426886259984
2330,61.78485346838404
2331,38.838496556599736
2332,35.58610088032721
2333,74.72012725894861
2334,39.630029050644985
2335,28.142214264377657
2336,40.923934081908016
2337,31.84872088862555
2338,27.63642763102208
2339,70.43944595922932
2340,33.56371472092975
2341,43.27114352601137
2342,70.64681032050312
2343,44.666460666985344
2344,56.52291699319308
2345,39.718222318133705
2346,43.16068538274986
2347,28.89037835226941
2348,28.35977835593112
2349,67.76761063905192
2350,35.048461887969225
2351,73.04662622036882
2352,34.44847026770735
2353,28.04627649972017
2354,33.137248046298524
2355,71.3981646547457
2356,58.65254779886205
2357,33.2139378565448
2358,64.92823387779784
2359,28.85422330748822
2360,29.104006831715104
2361,30.40129447684894
2362,70.0378976595162
2363,27.89209373650172
2364,26.653796548581333
2365,24.00705586826041
2366,72.64725662336006
2367,43.13297119495451
2368,74.91104108265093
2369,34.22752759731056
2370,69.50817145863483
2371,38.66099477267764
2372,28.51102312788575
2373,73.05485211654408
2374,74.33679189121122
2375,41.15751956144044
2376,26.889545412680746
2377,33.25562756186477
2378,46.826564051463464
2379,72.78424366467725
2380,75.5283064675461
2381,29.07604318391035
2382,31.464173406170325
2383,47.93348967000641
2384,40.06558432313561
2385,72.38824248236219
2386,75.69503747146702
2387,29.8764756241277
2388,37.95080383944047
2389,36.48048553066883
2390,33.62645928375443
2391,60.90061991619591
2392,71.5146928549626
2393,55.951265426156574
2394,60.88912564595299
2395,59.74872626776214
2396,54.715968484032615
2397,31.09430097279516
2398,32.59500253875771
2399,53.68756762785918
2400,27.938003330474345
2401,33.208942174547225
2402,63.44638431359207
2403,64.85268472083527
2404,60.79954831437641
2405,59.2985484339962
2406,28.98094083517808
2407,68.64447148071491
2408,59.548829255602165
2409,33.37702566417052
2410,68.70910373509139
2411,65.90741729118588
2412,28.745775869314045
2413,29.759129534476045
2414,53.856857572792336
2415,32.881323993404635
2416,51.18716051054895
2417,27.714881884125738
2418,68.77948069844221
2419,57.80355023685618
2420,53.18305169942726
2421,74.00483517022299
2422,36.38849980179107
2423,64.0664177248428
2424,64.93169142032039
2425,64.45163543466752
2426,52.18982959952429
2427,48.633330046770624
2428,51.98698636054255
2429,47.17286781692846
2430,40.16992864408556
2431,93.24208733089037
2432,81.65978233441439
2433,32.31622684326666
2434,31.715167240441666
2435,43.831356956898574
2436,61.308652145362714
2437,24.209506495162827
2438,66.30355039157538
2439,64.24247641456836
2440,26.538917897844726
2441,55.49444789882759
2442,37.28582370286662
2443,37.49369962873182
2444,39.653044274009126
2445,31.668927541331662
2446,70.99407170088976
2447,70.42582426942936
2448,53.74656678321219
2449,69.891868472546
2450,30.467889086067473
2451,30.335556354307933
2452,72.57398121234291
2453,24.63839730315327
2454,53.08820668501917
2455,29.071372371417574
2456,54.5360601911579
2457,37.515840593722054
2458,62.40251976212015
2459,55.06003137314786
2460,41.58632391463105
2461,74.53172204998516
2462,40.38446301945889
2463,55.7199758321062
2464,39.044812690848644
2465,31.713301094842038
2466,70.00679860202621
2467,27.956780579406512
2468,58.84242014375691
2469,75.27858820192517
2470,76.52235696851237
2471,64.51804140616856
2472,27.877931948674316
2473,30.024132313950858
2474,28.982611463916527
2475,65.56190217551476
2476,30.082374022799662
2477,66.96999843858518
2478,70.6733550912896
2479,31.537105158570142
2480,24.83683064240551
2481,74.55150002248978
2482,29.59449264787164
2483,29.972436872548478
2484,34.12831173562708
2485,30.38958831365393
2486,74.18259408732229
2487,49.52590712748949
2488,74.66115832474779
2489,31.238652643266974
2490,31.570876176521146
2491,44.667606814489474
2492,41.83181915079612
2493,65.9294483126036
2494,60.22515583396373
2495,60.88580480328671
2496,47.70485115117026
2497,75.74366355758313
2498,54.31595615367263
2499,29.665176090385245
2500,53.05547457912647
2501,37.57655779344617
2502,32.76952236051783
2503,43.427979691580674
2504,69.46066775022099
2505,73.43388814316266
2506,69.40438411971175
2507,31.51531975970441
2508,50.64622266148182
2509,61.030743792165936
2510,65.25496019645368
2511,26.56879349640566
2512,52.95221234314139
2513,31.729129745609512
2514,33.842404201943424
2515,28.894891951856174
2516,71.73760267152369
2517,56.89819488995753
2518,67.88779692828481
2519,51.33290906636855
2520,39.458831255720824
2521,29.270240502958764
2522,34.089638555376496
2523,29.705116737166392
2524,67.34599951911403
2525,32.985751216952295
2526,28.942600092942016
2527,29.095797760818314
2528,66.64067546043539
2529,38.731264109776475
2530,57.921656031691455
2531,61.171535838105285
2532,34.45647522682486
2533,69.40295964379597
2534,31.237009383629662
2535,35.11644895825987
2536,30.455750002430563
2537,30.483982789029255
2538,31.123248787873813
2539,29.69315870093562
2540,27.84651781384367
2541,38.8996785989422
2542,27.898512947242786
2543,24.73341006622362
2544,29.008711819330145
2545,67.54208309541015
2546,32.163677736201585
2547,72.95997233476898
2548,59.16504454148294
2549,32.198177634126
2550,53.675973226924576
2551,38.069936191446665
2552,38.715822728109444
2553,26.18778472554949
2554,35.18417033314414
2555,85.38542999237866
2556,55.55194483814959
2557,73.90550485098501
2558,69.69336229170843
2559,59.285498375950546
2560,64.53703390187965
2561,37.319110442955164
2562,43.827091926292795
2563,72.2703585859305
2564,27.761725027388138
2565,53.99887010480769
2566,39.56059307826044
2567,29.630634769287248
2568,31.53563991220127
2569,32.6439840268918
2570,29.579691639277804
2571,50.70327778473034
2572,76.47144671755515
2573,56.982264955090294
2574,64.88105186328299
2575,62.171706271878364
2576,32.800884857991704
2577,71.67656366430596
2578,60.39805269738915
2579,28.201169502554194
2580,31.473081182372454
2581,32.57998176417569
2582,27.3480203086054
2583,60.22442095616681
2584,76.48382199284632
2585,46.699180920178264
2586,63.35366919238051
2587,74.26088021995443
2588,62.37244707930729
2589,57.02026228583523
2590,25.50925674025372
2591,65.44545770552776
2592,33.49077502291922
2593,69.67563125001183
2594,63.99345250550852
2595,73.70941227020168
2596,56.552044619941334
2597,61.21712426703973
2598,43.806590687069274
2599,32.124961423029006
2600,39.00093327333857
2601,31.2916180438149
2602,27.535609897863623
2603,67.63071030352855
2604,33.236304276505706
2605,31.437872748039624
2606,66.17675622688701
2607,72.44521626139294
2608,54.712535436772946
2609,64.35270796445542
2610,40.112380767888595
2611,61.459440464664084
2612,73.38931691735979
2613,35.4854089940288
2614,54.70191294099016
2615,27.19004670293174
2616,32.00015673090429
2617,17.738093787622105
2618,66.85533924092647
2619,56.11490170801727
2620,55.23987623538794
2621,69.4881038222719
2622,73.52558174819332
2623,66.56573489618276
2624,49.863147734041725
2625,33.18681621727495
2626,35.211076084827596
2627,34.32419116908012
2628,70.93650105074943
2629,35.070026148641105
2630,39.33004699466946
2631,28.070446031463682
2632,72.22623498236652
2633,32.09992116773856
2634,49.63385568004392
2635,64.79113182944474
2636,59.415140464794334
2637,60.34530380400436
2638,29.251531868087547
2639,30.910546785280374
2640,60.6047445148359
2641,28.558749902362543
2642,36.57288203157267
2643,38.7932816887992
2644,66.85400941200703
2645,31.70887961688875
2646,62.9666810942998
2647,37.21432493681661
2648,59.67385258462471
2649,33.12640415262922
2650,58.947669055752286
2651,34.16847771016626
2652,28.096740994104692
2653,27.792113890725922
2654,27.823895734686594
2655,63.14348328546507
2656,71.12251366621467
2657,75.5547171212399
2658,59.12702170846525
2659,35.22980024091986
2660,29.02995016078811
2661,26.24887192413412
2662,38.21959362677241
2663,73.82246810672117
2664,71.88279995052694
2665,55.97953818139832
2666,67.08277362554324
2667,47.96317045879402
2668,39.298589253733816
2669,37.95109727798512
2670,26.324933035240782
2671,49.13764944811878
2672,53.27599524717189
2673,28.73431704637695
2674,70.4889729750213
2675,43.16293704335038
2676,46.88905196450678
2677,69.53663421081941
2678,37.526289979197074
2679,66.5825405557116
2680,31.94508914685555
2681,62.30468137827795
2682,32.80986202926918
2683,30.66726807960646
2684,63.23072108733708
2685,66.86108090960637
2686,39.27440447982324
2687,40.48043119174754
2688,27.09390003851943
2689,65.51517267042632
2690,61.20167684255269
2691,37.42294659389034
2692,39.5946502127008
2693,33.36017201025332
2694,56.728664725426796
2695,31.52262465926227
2696,72.80085324851308
2697,44.520254513293
2698,64.38343520638965
2699,53.87966657200865
2700,35.54135080543672
2701,31.06616145420552
2702,44.0259814436078
2703,53.9871393889964
2704,77.50733611409672
2705,88.77341484805778
2706,36.083699156575925
2707,62.05979567075926
2708,31.125131683148922
2709,31.43901101721395
2710,46.54984138416869
2711,30.183657899864343
2712,42.89585289038229
2713,57.019962976491286
2714,66.20934173118994
2715,64.84513637962598
2716,67.4283013004539
2717,27.156916766620995
2718,54.026593730149216
2719,26.886543446609934
2720,31.27899021102826
2721,30.882581158616908
2722,72.25004153648855
2723,27.908169808285308
2724,68.3063773484228
2725,34.354429349060084
2726,73.55345056706284
2727,25.695692612283466
2728,50.79162787075672
2729,46.17754407083912
2730,30.98705336332941
2731,31.357989798567175
2732,43.95352818436471
2733,40.08275168543104
2734,29.63960317306318
2735,72.26946686914351
2736,70.86718490670376
2737,40.79697482090319
2738,25.313567259328273
2739,69.35201062638312
2740,62.671759713849085
2741,27.148382749721314
2742,41.95505647193937
2743,35.02375765410315
2744,55.06196970823834
2745,38.95144646736477
2746,46.59063361734377
2747,68.76963330065969
2748,57.86612816885655
2749,33.299518650178484
2750,39.234627360564396
2751,70.79487566553334
2752,58.178571221087005
2753,52.86719372433813
2754,50.78933175948353
2755,56.98856884493808
2756,28.556187009638855
2757,63.22108842455023
2758,64.50453653275729
2759,36.709818635324694
2760,33.41811748061836
2761,36.5829219532601
2762,42.15338310477298
2763,28.201563097514054
2764,62.59163729928055
2765,65.35722418998503
2766,72.7851270796495
2767,82.92512821451538
2768,63.41819864867696
2769,36.26074808476507
2770,27.767803626165886
2771,32.805773794394824
2772,59.77772021289974
2773,64.24122141557314
2774,35.30672034566139
2775,41.81965092966162
2776,68.93920960198574
2777,30.13624309350343
2778,50.98144868533776
2779,62.1252461994211
2780,32.69480691767159
2781,71.0165346311176
2782,52.23208179012542
2783,75.96795475151649
2784,65.90652044343196
2785,36.720067341173355
2786,68.76595006128572
2787,52.58060123792886
2788,30.115593349262852
2789,76.72161243950146
2790,62.20216983267005
2791,35.963376432542134
2792,37.867550329259316
2793,53.13171481539669
2794,62.696611981441045
2795,33.60126337392972
2796,55.771364849042115
2797,32.21866933402938
2798,27.702208721410948
2799,72.95848229197044
2800,52.83235497408357
2801,66.197780029037
2802,52.74182277674701
2803,67.7703142101932
2804,39.80556412276001
2805,30.862525213170166
2806,81.34058266794756
2807,35.57642184776245
2808,39.49909549006598
2809,63.39111320478314
2810,37.55516128062972
2811,73.12318387387865
2812,47.09658937373659
2813,79.71777707455223
2814,43.11015822325513
2815,29.937763155065845
2816,54.68074282446423
2817,38.15680082761351
2818,27.979542245401028
2819,23.436241214229995
2820,63.51627706912781
2821,62.61123549824005
2822,28.70271029167116
2823,44.01207542535626
2824,31.014234454160864
2825,29.07884381625464
2826,73.69782590254613
2827,56.05314885288442
2828,36.82325682646074
2829,62.71539865364436
2830,28.11933217081399
2831,63.181514136999866
2832,68.79159987620882
2833,37.32129886670188
2834,76.67438525421825
2835,49.17121345303662
2836,29.028293274843158
2837,73.32597304956373
2838,45.43913533682673
2839,73.2507904674876
2840,60.72659187186474
2841,27.65344037898477
2842,64.04895334933475
2843,64.03390573879804
2844,34.37252516556479
2845,51.279036567737805
2846,49.497186181165134
2847,69.15685705932344
2848,52.56073635316764
2849,62.14643829955569
2850,37.67215897528277
2851,74.48317817907201
2852,57.804745982540936
2853,40.65456406495602
2854,31.84084557620386
2855,39.053435855929195
2856,62.76189965960495
2857,63.42586646801029
2858,59.169988031036674
2859,52.27531665943901
2860,29.756842169451666
2861,49.910608731649496
2862,29.295213031632507
2863,63.39969792920108
2864,33.28324284550942
2865,27.86988823206216
2866,68.8639156261306
2867,28.065537881698774
2868,51.898808687501834
2869,36.49802054845805
2870,27.033300730147857
2871,31.97310912703376
2872,74.8423734499252
2873,23.84825435372514
2874,74.26752964227609
2875,32.13176809851019
2876,34.93954023094848
2877,34.942103893990954
2878,58.317614189170854
2879,65.66343142871824
2880,40.71712682977696
2881,60.952836358650345
2882,73.75943938474393
2883,41.256530469629276
2884,74.35064980607697
2885,54.534082990556115
2886,30.05663227583279
2887,33.569105210906365
2888,61.27346180326829
2889,31.11700347955683
2890,36.02052632704925
2891,60.396527563208934
2892,34.870895173045255
2893,79.28013323876092
2894,32.68002345281532
2895,52.4818693559759
2896,30.874766379659846
2897,31.984813468489193
2898,63.04339356179571
2899,44.18302068024185
2900,37.28356871592593
2901,30.32066088745178
2902,31.16425915216061
2903,74.80571073420681
2904,27.65811332277225
2905,62.04922647813521
2906,49.558391730982464
2907,40.11383598625095
2908,65.25621267153414
2909,74.86421754671746
2910,42.27832761818539
2911,74.39563447818612
2912,62.884796281104656
2913,41.635609061668674
2914,43.35742550186758
2915,70.01216386832256
2916,34.790728722788515
2917,27.9394250379317
2918,30.779968951776027
2919,38.00612479430425
2920,27.85763417408208
2921,28.408953104101244
2922,23.27949644378932
2923,55.34788415667016
2924,30.936665573568007
2925,54.884417201334
2926,26.454822140250016
2927,50.76948333552245
2928,37.08379679221595
2929,34.02215286174754
2930,45.66442601954003
2931,36.78341711318458
2932,29.057785394456374
2933,41.78509360105335
2934,32.870920633004886
2935,39.22929670519582
2936,80.04381042170388
2937,26.362705357558006
2938,69.13832188357459
2939,35.11359944464149
2940,28.707039296783485
2941,32.705362417883435
2942,64.23271955107312
2943,31.030454750064514
2944,74.54414756516067
2945,68.04580593376234
2946,62.28112835274247
2947,31.72585880149618
2948,26.63118208969781
2949,56.82274411918282
2950,33.55716353774319
2951,37.42695467892055
2952,74.79217971813347
2953,26.176151366288742
2954,37.99534642123851
2955,33.02992914206125
2956,46.79425763241909
2957,66.40590099533384
2958,28.40138756728991
2959,27.531356246497637
2960,37.28429251078343
2961,47.68838627931327
2962,76.3579014997428
2963,33.72240513951204
2964,33.15567318550945
2965,72.00651236116825
2966,75.50979613245909
2967,28.251612460113776
2968,41.42514140585561
2969,31.298292547007136
2970,32.125026470305755
2971,30.73815042838462
2972,51.37613638624002
2973,30.060799364810862
2974,36.177528510427024
2975,34.158069567252255
2976,33.494866251854376
2977,34.233520232665214
2978,32.01993527392174
2979,32.30968250269919
2980,59.98512672386136
2981,71.25951346714663
2982,73.67430599785526
2983,69.48155841387367
2984,32.25839935775144
2985,34.34580515634783
2986,37.12568533350532
2987,25.57146820499984
2988,76.46510726484017
2989,66.09123267015588
2990,62.80099722853964
2991,28.56948935443272
2992,70.38827676619694
2993,33.46809906209378
2994,67.74103661621524
2995,26.52993943765661
2996,57.99484605374541
2997,33.502488039379415
2998,73.87169598752021
2999,29.97947660548342
3000,77.06522902845428
3001,75.30822495472079
3002,61.36265643712635
3003,27.229234538260336
3004,37.98669649583324
3005,29.318578044216352
3006,30.203191211626653
3007,75.84368392439801
3008,31.308558802469115
3009,30.35275868860606
3010,35.97853902071788
3011,69.2502242572608
3012,67.76220895554523
3013,63.055392063741955
3014,33.720398992216275
3015,71.95734199104703
3016,64.34405927388774
3017,60.10641086827542
3018,31.301413603075652
3019,38.22376695013665
3020,34.861933909156306
3021,30.74666541562516
3022,58.16096228657329
3023,51.18476041084247
3024,63.067282384763274
3025,60.15466780598457
3026,50.42438912680528
3027,29.714027709545626
3028,41.793780703986705
3029,39.47875155623298
3030,78.05240783535304
3031,28.70777772244527
3032,42.73265606701071
3033,32.07101603933957
3034,65.0893538268929
3035,67.75907420559415
3036,75.02117967013255
3037,30.165246593945554
3038,67.29421654793374
3039,27.404905806782985
3040,65.33418809138288
3041,70.21640601793356
3042,30.602092952352834
3043,32.36418800252211
3044,46.00255859351874
3045,62.55295637511717
3046,40.648127802834125
3047,55.296380542967015
3048,30.745326489313626
3049,28.417485698633143
3050,25.33944269259608
3051,31.700827600005795
3052,64.23859829973209
3053,40.615392293048586
3054,60.7541096766965
3055,76.2690000053963
3056,53.76477755363781
3057,32.827662471598046
3058,38.70188929606529
3059,78.0459590267913
3060,58.62483144669098
3061,68.30852762362046
3062,39.61516005736486
3063,32.75252389438448
3064,29.743778673383844
3065,80.98650764917623
3066,36.46476783298205
3067,61.99072684290055
3068,31.40789650233703
3069,29.098186880976904
3070,30.0164379830497
3071,31.49422377495364
3072,62.51668624218702
3073,30.59936212547455
3074,63.505189212588256
3075,27.916942114589112
3076,51.211773400493016
3077,37.752459412289795
3078,52.71441631916668
3079,61.1598227387219
3080,28.255204267178087
3081,29.06624466977408
3082,78.95783954457981
3083,65.65995883314389
3084,60.565248819624415
3085,31.90738902223169
3086,31.299839166561952
3087,27.839180761772212
3088,40.223852475857
3089,38.265021263561835
3090,51.523725951394205
3091,65.36364740717038
3092,34.62051557928368
3093,71.92649915521426
3094,28.551756881959093
3095,65.4738483059194
3096,70.49733873987729
3097,33.33646292113404
3098,34.328849288490176
3099,49.43091264013049
3100,35.290859413254765
3101,63.79507484191994
3102,31.360025132488566
3103,62.36785223273941
3104,51.80347994186844
3105,33.32848044490906
3106,60.400848647957005
3107,54.237693161338
3108,76.76802361475103
3109,71.21879975498393
3110,73.84220639215596
3111,72.97595457741315
3112,45.78827553554244
3113,33.49105180300984
3114,35.772154430114696
3115,26.048536891622305
3116,57.04760304638725
3117,31.103733319635502
3118,35.98889069335573
3119,64.02204712299735
3120,60.41466790283569
3121,55.9712406800788
3122,35.06920928110809
3123,31.585719069297696
3124,36.06300102729323
3125,55.7986388619298
3126,30.891331868103705
3127,37.58083858232739
3128,29.80026221021005
3129,33.453192049133435
3130,23.66393800662256
3131,50.43410876689099
3132,29.21491880944646
3133,69.71602406649704
3134,63.97297817748039
3135,60.75763060821571
3136,69.5116619610684
3137,24.804755108787077
3138,31.067714032061133
3139,36.3004516448342
3140,29.457310197309454
3141,61.737042802318044
3142,68.70338419238972
3143,50.59075741428166
3144,56.5442864927057
3145,29.064105941761497
3146,32.117426963333294
3147,43.663972325056925
3148,26.992118622933972
3149,47.677351894934304
3150,60.903325357229036
3151,34.95848590826107
3152,35.23108160806071
3153,32.46712517060986
3154,28.64971140595567
3155,59.88966390633697
3156,28.951427485981206
3157,27.656537303942102
3158,28.327714030568025
3159,35.26746623580078
3160,71.8957431791493
3161,34.81073103417992
3162,58.180954634401864
3163,56.65364733297078
3164,27.480946621735804
3165,51.82275975629668
3166,62.89277288932533
3167,42.4920895028425
3168,41.91463378564701
3169,29.306039459289792
3170,57.776527162193545
3171,31.539196734998
3172,57.95877604013988
3173,32.38644738854501
3174,30.25927475500375
3175,52.46808813169106
3176,26.533477439875192
3177,68.0555344251011
3178,42.176991087634455
3179,58.6772304237448
3180,33.68564067165833
3181,71.48118819898183
3182,29.51917623317925
3183,34.156779789378774
3184,26.899809679744514
3185,29.267806454918734
3186,31.702956752975076
3187,75.79226086707274
3188,31.086008895329726
3189,41.093849226186805
3190,74.57943867483945
3191,75.20681994248419
3192,50.375953347419326
3193,77.67977620424773
3194,74.80760535755249
3195,28.722002060310018
3196,23.951751328981167
3197,61.822881983758535
3198,74.46207509354173
3199,74.02057373285115
3200,36.55653129501407
3201,24.97381535283842
3202,28.09266758573306
3203,49.022195300841815
3204,65.46478295075826
3205,70.42279190840132
3206,36.78799208332595
3207,25.28496560546519
3208,30.16498717663105
3209,62.77021062549683
3210,44.36712850510592
3211,34.56078162267967
3212,62.644501306814526
3213,67.22346707822537
3214,25.375149479056695
3215,28.033143587406748
3216,29.940505585876437
3217,38.698716017427635
3218,30.955687247712824
3219,72.22420087957528
3220,69.74485959063335
3221,66.72724915990901
3222,33.49996200996602
3223,38.56682576049603
3224,29.4551807871549
3225,31.526800061375987
3226,31.39545583145128
3227,42.67572746078712
3228,77.36443316640299
3229,33.14973361968096
3230,29.50559271906336
3231,30.4252170987807
3232,28.82382939879276
3233,65.7819294691187
3234,32.10308939571429
3235,51.55469697468098
3236,56.203422747719316
3237,61.83045500680599
3238,59.015904410718136
3239,26.827082872034232
3240,23.369552167364958
3241,28.62588394879866
3242,66.33764702636665
3243,33.07114277822706
3244,34.34050957113447
3245,34.52943824651385
3246,75.73464279443469
3247,41.168475539964405
3248,58.96009786725695
3249,67.4779075110363
3250,70.63128455715871
3251,59.87563528082457
3252,31.895002439280752
3253,84.85887700300039
3254,66.66272520639583
3255,50.95222504097916
3256,74.77086555660304
3257,34.97713697502101
3258,27.650057772827253
3259,34.45725695064279
3260,61.27071156294285
3261,35.5145757276195
3262,52.52126954706237
3263,30.75036472292929
3264,26.33797352677373
3265,32.55649391598891
3266,26.278471979027373
3267,65.76772997877725
3268,70.1948365877307
3269,68.84177054647814
3270,64.55188348460463
3271,33.03440528383287
3272,65.44159437965527
3273,33.86297641613936
3274,29.455481837073485
3275,33.954942056945484
3276,65.63824790667007
3277,82.10586212118547
3278,38.54389057355833
3279,26.139911770251885
3280,72.88467127254818
3281,75.69884987113664
3282,72.84496950564169
3283,28.37742518283641
3284,31.35150568065056
3285,54.51539963965003
3286,31.731782107713578
3287,32.28070630729596
3288,31.066786455955928
3289,62.79800763908824
3290,62.737086832692974
3291,72.1132446401347
3292,30.213354939415204
3293,70.78225858354075
3294,56.37661142576225
3295,28.40019588985487
3296,36.02766554342007
3297,67.80938997198304
3298,72.44223738409855
3299,44.95549183808102
3300,65.58433507761758
3301,78.97823365249889
3302,76.904601023109
3303,28.27657610319524
3304,28.503289491394284
3305,69.690026462589
3306,58.386202384755244
3307,49.10860060438727
3308,27.950763160469315
3309,28.103125660408843
3310,27.885445093516672
3311,62.76134806818369
3312,29.040627948968442
3313,37.12610685280872
3314,31.548289747469006
3315,36.253984305786474
3316,61.50555014160601
3317,62.70360078633317
3318,31.87275950857358
3319,29.24546031386634
3320,49.50508119078994
3321,28.024621957945
3322,67.99294196194145
3323,33.38772309385131
3324,67.31066428228056
3325,27.682864948119153
3326,38.106180569871086
3327,27.064795493100895
3328,66.19448509738885
3329,64.02582004723007
3330,77.4376595867531
3331,32.16887435059485
3332,55.85398205983569
3333,63.04800314097749
3334,71.30690764243832
3335,33.11864339677716
3336,23.40654134066331
3337,77.88671963663619
3338,70.50273171874966
3339,27.789263711721084
3340,40.8351594553653
3341,32.67851619276637
3342,82.67300174205981
3343,64.25720104456155
3344,70.92803091148971
3345,61.14765990783434
3346,61.94414458005161
3347,32.84630268029872
3348,28.831251941469695
3349,25.170303285764128
3350,54.789627996546415
3351,44.37070248842868
3352,65.1957241159048
3353,26.557013785730348
3354,34.195045230202254
3355,24.73715378459029
3356,67.7913028686553
3357,71.00650649205426
3358,41.77498759647821
3359,38.708272728555045
3360,38.329647363071906
3361,53.79632564657355
3362,62.17115303566435
3363,80.21968666632219
3364,35.69012720037499
3365,55.1823954231278
3366,34.13550937320642
3367,47.98657938276512
3368,55.331118604541444
3369,53.48922214242388
3370,34.01537260843713
3371,29.415360903960632
3372,35.49518924791397
3373,57.94719236661028
3374,26.69058486884142
3375,68.0540879571147
3376,55.357069130314535
3377,70.10237225959881
3378,53.75883365730248
3379,25.85481188426136
3380,33.2753476388156
3381,30.013615974396956
3382,73.06720192769262
3383,33.10940608371706
3384,33.694266448078736
3385,28.67902800377017
3386,30.337127647732494
3387,68.66903643918882
3388,66.18589146138092
3389,29.386635341485054
3390,36.87143557559291
3391,35.69458095681905
3392,28.46035146710524
3393,79.14252339794095
3394,66.29353233410868
3395,63.79848439144993
3396,39.319677768944345
3397,30.51943092822429
3398,34.17228932924638
3399,60.6919602972779
3400,30.589969892317292
3401,44.28727246239157
3402,59.985094791473614
3403,36.63036049067966
3404,62.3041019601184
3405,77.896796435257
3406,50.85068566295392
3407,29.751920883140563
3408,30.018972888516153
3409,71.63603238853678
3410,57.967925116721744
3411,59.09705211137458
3412,55.57922980198495
3413,40.252086563109714
3414,34.88817086975425
3415,22.1983222983729
3416,68.68420588152809
3417,73.9807512961718
3418,29.997193502421126
3419,36.82212613833287
3420,60.03507378750888
3421,33.11318549992531
3422,53.73987108451447
3423,33.48178818551847
3424,50.77732140632703
3425,31.758927471576982
3426,63.09173377289903
3427,25.55424560172863
3428,33.209962134195386
3429,58.52395108844313
3430,26.36186361543919
3431,71.87129451152443
3432,48.20667417390053
3433,64.40651532878964
3434,32.43546364154487
3435,75.81912618914116
3436,51.27744240970354
3437,57.34834437297994
3438,27.022084642014676
3439,63.97278952937159
3440,37.32125752399686
3441,42.97199349102105
3442,30.158667111915847
3443,32.833172589655305
3444,64.06438039419893
3445,35.545179765613675
3446,31.34704423050647
3447,54.63344111968346
3448,52.11789532667013
3449,36.44163397205867
3450,28.875205227206756
3451,37.22015461498636
3452,34.740850287875524
3453,46.06359649515384
3454,68.29798884149886
3455,29.836326560624833
3456,40.02093655852083
3457,71.69052122393083
3458,49.21115227271704
3459,39.977659604014484
3460,30.589111606884963
3461,28.885491166897886
3462,74.13213773651714
3463,63.776671387978894
3464,31.644612402108855
3465,27.238128158666555
3466,79.25472033826156
3467,60.53847876235381
3468,37.056338420456015
3469,27.328397434690444
3470,29.169504578175932
3471,53.61365266978986
3472,64.63591196460591
3473,57.690245626050405
3474,74.85202359596389
3475,70.36502697296487
3476,32.339824881479885
3477,57.5852375390787
3478,39.540110648523196
3479,30.00650206060029
3480,27.603192112531673
3481,29.565637915447546
3482,31.067349859303583
3483,62.19476526145995
3484,27.59712351329832
3485,59.64062521214113
3486,54.926174721301784
3487,26.696951662189235
3488,30.515579610029988
3489,70.19891740159741
3490,65.77471054319085
3491,52.722676118423735
3492,47.3466149635585
3493,68.5277682938839
3494,29.004753720318547
3495,36.707302236677634
3496,26.30429762006783
3497,27.561295072260506
3498,30.484616555702146
3499,55.93273316427603
3500,31.6938716696485
3501,29.894770202152444
3502,77.56977916754643
3503,54.55439141590564
3504,35.96706012794114
3505,27.119538916028304
3506,67.62480814752865
3507,30.92005313919079
3508,31.58372675760218
3509,31.48233721250451
3510,32.112110958689016
3511,60.51955092047272
3512,28.832609888141995
3513,28.22671319955748
3514,26.48553120501507
3515,68.75844030724048
3516,66.80276938544989
3517,31.301125818504687
3518,34.18295849110389
3519,71.44035398037894
3520,76.75596516528782
3521,31.233341815228627
3522,44.178703116250084
3523,30.86098547942285
3524,65.72383635808345
3525,31.924738456171077
3526,30.70848739729076
3527,33.156565033654175
3528,30.274883264721772
3529,43.25409428631055
3530,66.06453070738056
3531,30.040512547908847
3532,57.247470585546886
3533,36.939298848122654
3534,26.833850579562345
3535,71.86366199635272
3536,53.0792465134634
3537,29.21422956288147
3538,32.30315707570766
3539,30.868968551085118
3540,35.033368006622894
3541,35.18262303288465
3542,31.612191436288754
3543,54.81640845873806
3544,28.02548479812333
3545,79.89829706522131
3546,59.37939024107182
3547,37.24031264216186
3548,26.51307903579309
3549,62.99340431504787
3550,55.48119931383739
3551,31.859344471539544
3552,39.69459278585458
3553,54.78386136620436
3554,29.89027124175289
3555,35.13709600874236
3556,46.25050898482179
3557,61.38948412773799
3558,78.72320029957716
3559,32.58840274888577
3560,68.33719807134298
3561,30.940777588078276
3562,79.90011149549723
3563,35.06266358890784
3564,48.35514820998565
3565,59.50410991923742
3566,41.03423187955242
3567,42.48568141380713
3568,29.130713494557753
3569,42.86878556921711
3570,49.24604073395697
3571,41.01218098102811
3572,54.715144488109246
3573,59.49740891722948
3574,63.08519390354101
3575,58.07113735100823
3576,55.44792266096826
3577,43.55929889624767
3578,32.02931880833446
3579,34.05123705782543
3580,65.53755619200415
3581,32.09282651868767
3582,26.9038010088897
3583,32.66926940828796
3584,41.80527042762961
3585,30.37204425603948
3586,74.71959594968315
3587,65.16847680771947
3588,66.31928436453265
3589,64.12961215485959
3590,34.86282711123684
3591,78.47949235313723
3592,70.33747956561572
3593,28.571398496319425
3594,31.706556830407727
3595,61.141792137994756
3596,27.769971256263396
3597,33.54692476879078
3598,33.617338752561565
3599,77.94045586521834
3600,73.8626279670462
3601,31.65083120555567
3602,37.21240848155305
3603,72.84763521479617
3604,30.81851905708075
3605,65.41813055960759
3606,32.43978982166881
3607,33.79863464313833
3608,57.59252697296641
3609,36.77612539957839
3610,29.637950866180752
3611,49.030475177294896
3612,64.00072105005798
3613,62.33630034212688
3614,52.69807929197238
3615,67.49886043434572
3616,29.258722845394587
3617,58.2191853518817
3618,28.950797853260248
3619,53.641981458779526
3620,52.90754167198979
3621,61.52401822203713
3622,33.43145987844895
3623,59.97921556687141
3624,44.89042739228477
3625,29.460944251496926
3626,37.49163070254492
3627,64.87366130910576
3628,30.147803660598605
3629,62.043794585040786
3630,68.93211379856376
3631,31.988569278836927
3632,60.280500689501416
3633,28.482669418623644
3634,72.7415627151534
3635,54.17097739501774
3636,54.62888907040636
3637,60.2833494802678
3638,46.637077995923164
3639,71.66117319253246
3640,30.01572222261273
3641,55.77666983301999
3642,38.94065433504466
3643,59.93904954635226
3644,32.306567050169896
3645,41.131494515611564
3646,54.02965883711461
3647,65.4625993612573
3648,26.73664964902904
3649,35.250803918038066
3650,26.455034548124367
3651,29.06639983095019
3652,58.87837444370041
3653,28.76147500531995
3654,74.39803090245917
3655,64.31833199602539
3656,39.10321629034386
3657,29.778498030806418
3658,68.61883153094884
3659,46.90606791234518
3660,38.031160444188735
3661,69.04606074035851
3662,27.281055558596265
3663,26.130535434531325
3664,63.95046509212037
3665,31.779054519575027
3666,65.64458562222822
3667,49.75033115354735
3668,58.518784285550076
3669,34.09171335484726
3670,73.01517562378869
3671,51.88757708687265
3672,28.110258016376406
3673,52.70995721054577
3674,32.60804230074861
3675,71.61383008217858
3676,63.76802014732313
3677,61.2060037215486
3678,64.43965861490278
3679,54.977373823273645
3680,72.3431403639551
3681,41.18609673686278
3682,39.73487287569097
3683,33.3900291602831
3684,63.07651328453932
3685,29.756809328186897
3686,56.306769387065735
3687,71.40500813030577
3688,61.6761365435172
3689,69.55968589111622
3690,63.717245148404984
3691,33.70061553982573
3692,66.19734947616055
3693,32.05197907155852
3694,55.87279630813967
3695,36.93564026550966
3696,77.11814734111674
3697,54.448464171197514
3698,28.99000958306256
3699,51.42302303611242
3700,29.486031449828623
3701,61.805631621761684
3702,69.88481612028171
3703,37.73376818290203
3704,68.44247632735882
3705,69.16630340297164
3706,60.12603604236318
3707,31.580513354044427
3708,32.7438663891629
3709,66.40584093644284
3710,53.31570259010341
3711,35.21244429870498
3712,31.570702725247564
3713,72.23728774293942
3714,70.61818388699194
3715,25.803304106831845
3716,40.74696057831716
3717,72.11853456675416
3718,65.27667753463491
3719,65.24116610080748
3720,31.016459033084992
3721,74.62891986668497
3722,45.37577057991871
3723,69.37800264177245
3724,30.01577869004585
3725,31.961260312736812
3726,36.565072167919
3727,51.49830427855405
3728,9.220182795318081
3729,71.12551765728264
3730,32.042483302924694
3731,50.093614936196914
3732,39.84542781947948
3733,73.84577366819464
3734,61.83121632775272
3735,64.06453052435803
3736,34.29281246218066
3737,68.22800804038728
3738,69.1401390732615
3739,42.32432817334161
3740,30.94963336845897
3741,60.78998939569618
3742,71.55359194668998
3743,38.570308833355334
3744,39.40364067782958
3745,53.11545755570559
3746,69.0929435705174
3747,65.7368246255352
3748,33.45176954842728
3749,32.31354887499242
3750,32.36921441666253
3751,43.30455617608598
3752,28.41625069008387
3753,66.7326180656242
3754,57.04621244551278
3755,33.99085317869573
3756,62.354789434576205
3757,63.76727547733154
3758,50.78440457909794
3759,73.08141014320798
3760,68.76886235536283
3761,68.9093489450731
3762,33.24792278111167
3763,71.46016971645963
3764,33.11323580299596
3765,61.91604254645881
3766,50.65744834766498
3767,36.86033622460337
3768,50.589987002991386
3769,29.82330633161871
3770,27.55570072163446
3771,72.52995504649367
3772,52.47151059603766
3773,54.82056119127358
3774,41.13447593093795
3775,67.60546130783067
3776,71.79144516293609
3777,29.948724034432495
3778,70.0437490573791
3779,56.07018122362723
3780,26.444966602919123
3781,41.843401834679035
3782,33.63211515649206
3783,60.71801188315831
3784,27.528275919923686
3785,41.43142841549242
3786,58.597703306311445
3787,70.48441366821372
3788,69.96983252213579
3789,71.22859722158488
3790,33.432655939794124
3791,76.70310332896815
3792,26.578306421172122
3793,68.85621026725322
3794,51.94136696169271
3795,28.58481820436348
3796,61.91891600546688
3797,71.57449100206179
3798,70.86326742652409
3799,32.94904900711147
3800,52.78151320912333
3801,75.46067036259265
3802,25.005651012248734
3803,31.53614898164524
3804,63.94783945465993
3805,51.970527666710666
3806,78.42604379448905
3807,76.59745353326373
3808,71.13373236372905
3809,71.43480623405287
3810,79.76843958945932
3811,32.32314845198407
3812,62.5825067414587
3813,31.412327145533183
3814,28.99339855234456
3815,70.46256486219036
3816,74.61491986064823
3817,28.680382090211154
3818,54.808542449358846
3819,40.820691040058605
3820,71.28666133230125
3821,36.23719697203734
3822,31.995772394003254
3823,30.194251417002008
3824,63.744092859114765
3825,37.19948159549884
3826,56.21754239314972
3827,61.55153369777036
3828,52.414845038203325
3829,27.276255050011578
3830,61.91848644587449
3831,57.854464743092386
3832,35.46585917542081
3833,26.60150429694844
3834,34.01579529538073
3835,72.50248764005427
3836,55.85692445048588
3837,38.11959391968365
3838,64.3683819643739
3839,28.9968179658093
3840,70.26913858947881
3841,57.3694000835326
3842,41.80614210397124
3843,31.666287401611214
3844,68.24744323540222
3845,38.48593656692218
3846,31.82546604526037
3847,40.75945036755748
3848,49.5558943008539
3849,24.65802409251912
3850,52.895825216456466
3851,30.09755780037368
3852,60.040639910847545
3853,38.731717553137386
3854,53.032722913709875
3855,31.769957101467128
3856,29.198446613914307
3857,65.97542157123186
3858,32.26735467699524
3859,60.266468989587096
3860,52.623635750810934
3861,61.899594302165255
3862,63.911028276819835
3863,36.23413592577996
3864,61.968074599524215
3865,72.24725192226015
3866,28.962502733232697
3867,78.0366235048671
3868,27.837424669895732
3869,55.16860586408039
3870,69.73934307317514
3871,38.37224163430069
3872,35.60134153465309
3873,57.40630313018987
3874,31.922699581745462
3875,34.61000936988164
3876,29.059169699153387
3877,43.90994725437211
3878,57.79711341061678
3879,54.43243859771464
3880,54.310419817157864
3881,34.52365995247786
3882,54.27932163227565
3883,37.09896001848003
3884,37.76497200248264
3885,78.49803543224571
3886,35.32631032696006
3887,29.295603802154844
3888,30.574943306778493
3889,23.368423010021445
3890,78.72080968799287
3891,72.688553606731
3892,32.820673835452084
3893,27.847012895892824
3894,29.873541712621275
3895,75.85465877716985
3896,32.16722801054634
3897,28.52910437024964
3898,31.715281088363497
3899,43.370231024868744
3900,27.39625096363821
3901,46.229461261867755
3902,74.62916721299044
3903,61.792574240566886
3904,38.054676482703705
3905,29.688363185945207
3906,78.64185182692533
3907,55.57268615906409
3908,30.523903163374584
3909,67.94874808737093
3910,55.54030729575336
3911,57.91341134586884
3912,29.326584643641823
3913,66.15651079319495
3914,71.13296177367855
3915,60.801760500088875
3916,64.0356693989971
3917,61.67281616890139
3918,52.30120226351187
3919,26.91050975223925
3920,29.28464673858614
3921,27.608134908492175
3922,43.747394485923564
3923,71.12059794355352
3924,73.6748372538577
3925,28.802079610945924
3926,80.56031259004652
3927,65.21684492033259
3928,37.36170751338929
3929,37.02816230011943
3930,58.52856049794471
3931,51.6147364812717
3932,38.7995181143758
3933,34.16723336799595
3934,58.33325908966401
3935,29.854743672650493
3936,36.36756794471605
3937,76.87411688349479
3938,60.49965347090301
3939,35.775294967662234
3940,68.23979718662129
3941,28.837618542223275
3942,70.3309872680133
3943,29.67617777220434
3944,62.07177447195051
3945,54.84982234783731
3946,52.15379519179059
3947,28.113390158492713
3948,54.06643096273865
3949,52.17701838200871
3950,60.1578654512448
3951,41.15872498346067
3952,28.61199458265795
3953,54.698447997539375
3954,28.888166786896953
3955,50.225885863942906
3956,37.02168042508855
3957,69.33584395409622
3958,29.11051072258399
3959,66.28346376622723
3960,51.508541464039375
3961,50.343895912133576
3962,53.61263387110486
3963,34.55582916095151
3964,49.32139860886702
3965,27.541235361552047
3966,64.59215373294239
3967,36.357817098576746
3968,50.32720350624017
3969,58.00609758415199
3970,47.118452872374526
3971,32.796571550772526
3972,66.98463948282111
3973,40.85884151681496
3974,41.0144729137725
3975,77.08352341003408
3976,70.73811467017424
3977,58.25028078915467
3978,60.748041588145355
3979,54.559345618944064
3980,61.58048630748689
3981,61.493236294119384
3982,52.47694266411638
3983,59.030485357112994
3984,52.07746265394832
3985,51.938250740718985
3986,35.012970066749716
3987,32.50595311311835
3988,40.00912486096351
3989,53.008673945601025
3990,32.904847323150456
3991,33.88833276241602
3992,60.92225492485338
3993,29.532086858944503
3994,55.56224039239769
3995,27.016551977727957
3996,33.09769454044584
3997,30.791851483396215
3998,40.39651430284279
3999,44.891789204273074
4000,56.343122545182624
4001,37.11479102346982
4002,32.56028642520114
4003,50.153533423186914
4004,59.06344453696336
4005,27.879182670117608
4006,27.710362669091005
4007,30.48279841686096
4008,33.286697438090464
4009,64.1622659326747
4010,34.22665296195674
4011,62.18345443400328
4012,30.06076136827106
4013,32.90864837492842
4014,28.128097546935805
4015,38.124924217976464
4016,41.839995393071916
4017,38.91143300098351
4018,27.961526256337287
4019,69.2858358211644
4020,33.0238133514436
4021,57.66178159637557
4022,29.971295589996757
4023,31.96853138173377
4024,43.87330439186767
4025,32.96278936057189
4026,61.02672600733058
4027,72.28871051153193
4028,31.41229716610333
4029,63.74519366297067
4030,32.55810325862549
4031,34.13863575324493
4032,37.448687411318446
4033,39.09136878409521
4034,33.976987080698635
4035,41.859037246887695
4036,36.27880409436457
4037,31.040057218006645
4038,67.86714115804517
4039,69.21032425812646
4040,50.95359383266926
4041,65.66528679232664
4042,51.44397125016404
4043,71.68268729538828
4044,54.757145951276755
4045,69.45481427318566
4046,75.43963995458034
4047,40.901691241544924
4048,71.22372343503847
4049,66.72583445098786
4050,62.41341471391297
4051,32.63130954719236
4052,57.22236270932217
4053,32.43409990347003
4054,71.95314856166789
4055,51.52398540841197
4056,33.86544487536825
4057,38.319789419157054
4058,25.429339353249965
4059,69.60711398692682
4060,66.28099597428903
4061,46.12910410428432
4062,72.35173449120215
4063,69.02603422483804
4064,28.27353805052681
4065,47.022201586480605
4066,72.95669118246093
4067,31.464366209337157
4068,31.198144739154763
4069,29.333114720632935
4070,29.184793314693636
4071,36.70226557047356
4072,26.88630130722759
4073,37.900547907229694
4074,37.660864260792906
4075,57.14511035578727
4076,29.159436521162036
4077,32.1536004430773
4078,54.950149782756924
4079,35.33654810629518
4080,30.674654407121643
4081,31.87139927825234
4082,70.89070913750196
4083,49.343386326793365
4084,30.681833984058557
4085,67.64717026056158
4086,65.64349868158918
4087,29.881134329731474
4088,54.79161579391685
4089,60.48990661156793
4090,28.877909990259816
4091,73.9688193656188
4092,33.70919262817162
4093,30.7815920041949
4094,60.282157043208215
4095,34.49635706182654
4096,42.55664676778579
4097,36.79008547839426
4098,69.06852498452257
4099,68.51343442368042
4100,70.77067452926255
4101,67.79575966934087
4102,58.38057610292952
4103,28.80042576203646
4104,66.61964086704799
4105,61.12562243369875
4106,70.50625268548646
4107,65.18120908727997
4108,30.204792750525165
4109,67.38457931930077
4110,41.063848150339595
4111,36.523265633841206
4112,58.15963253720007
4113,37.44046345561176
4114,73.4370921242679
4115,34.67793472801088
4116,46.97855835963483
4117,45.83469008356148
4118,31.160078026789392
4119,33.3820376736397
4120,72.2706927280546
4121,25.576515112156194
4122,42.3693579972539
4123,54.77548253226206
4124,66.88760395015036
4125,35.84408720363753
4126,50.03240350879222
4127,53.91280241126974
4128,32.55569670915547
4129,31.896513747611145
4130,70.94209950029651
4131,67.90872999690995
4132,48.49587561104872
4133,54.40312235390277
4134,60.910417265557534
4135,27.63134667014728
4136,52.09300982789994
4137,71.67508283767123
4138,27.830094980826914
4139,79.70448276779108
4140,36.588838259221745
4141,70.72817534286291
4142,30.435346187814396
4143,60.552072620184205
4144,28.58303954932724
4145,52.45002688259309
4146,50.36025008158421
4147,37.68569669665368
4148,59.160166195042194
4149,66.46253186623125
4150,45.58214880235953
4151,32.58404625763748
4152,31.032449896515082
4153,34.074330968240226
4154,33.356511095634666
4155,60.18295842899913
4156,64.97667138812706
4157,72.39368326515255
4158,62.19362513366593
4159,68.34399616430825
4160,61.33160167158724
4161,39.25594206573385
4162,45.852371805745875
4163,66.44856700724534
4164,75.03534191290885
4165,26.050730419437052
4166,27.473211531587765
4167,64.12970103752941
4168,32.4185982462008
4169,50.835319603193675
4170,35.271116268360274
4171,31.68057647987738
4172,31.846381840805677
4173,45.28196206361532
4174,30.72390109609885
4175,67.54553230063449
4176,59.291589930701036
4177,64.11566135024262
4178,49.46960472964302
4179,68.67197353041033
4180,56.05216067337899
4181,53.954178244998666
4182,79.12183126588316
4183,61.003538199167096
4184,28.452375193527907
4185,20.386809937343784
4186,28.826838575263857
4187,51.12446724070497
4188,27.078590852830025
4189,62.555463337359186
4190,75.34931764639887
4191,33.074471941626406
4192,49.986635338778434
4193,54.98252542029482
4194,59.522132457424426
4195,72.27508601991332
4196,60.725664957747924
4197,57.67456264167951
4198,54.119124419900295
4199,64.47258644595418
4200,26.537353147770396
4201,82.91599240268833
4202,59.23671198839878
4203,76.48896976782088
4204,30.614151902278607
4205,31.976392981413426
4206,65.95634958835922
4207,33.89914006481672
4208,76.06411100289293
4209,44.81060512232817
4210,43.79789343722241
4211,58.17036939052975
4212,73.92084393968493
4213,44.246816436728636
4214,49.23462191633719
4215,60.18671758884362
4216,67.89855990768825
4217,30.50005859475357
4218,67.66747848432243
4219,31.060839488445275
4220,53.41262161790911
4221,27.06009997172697
4222,65.32671483923802
4223,73.88618243000575
4224,36.095173086220996
4225,31.29388821427088
4226,35.28312357562324
4227,32.029639571019544
4228,31.96492500297196
4229,66.427941672815
4230,26.823844080123408
4231,32.57097592749652
4232,27.99416118059301
4233,63.74195770255839
4234,72.4106550009525
4235,54.13077269748986
4236,56.50775950112026
4237,53.462657197168475
4238,68.17973763882163
4239,74.55587866745034
4240,61.724149599133824
4241,90.5984143412476
4242,85.1630559103573
4243,35.65778376613396
4244,37.922905167785984
4245,58.94609260957206
4246,41.04177860610011
4247,29.001036113602517
4248,30.48831084982541
4249,71.80893105028736
4250,47.73482122385122
4251,27.399381961071143
4252,30.502534155496107
4253,31.477730635056027
4254,59.158944376949
4255,63.3259718809667
4256,27.13339671934392
4257,66.95078460301853
4258,59.82205976214877
4259,75.0664725065048
4260,76.6132236292117
4261,35.60276139933572
4262,28.696492616282022
4263,69.90459331888447
4264,60.27244145961615
4265,31.855167123396562
4266,30.377939088129068
4267,44.74693075348998
4268,54.98928810378078
4269,37.15555454183706
4270,71.80067702417377
4271,42.34094396719197
4272,71.21906759028309
4273,41.86004551425893
4274,54.01844633681493
4275,53.61596990002937
4276,70.61509462620744
4277,33.31135574996965
4278,60.105013066711365
4279,29.698478336229016
4280,69.62311858967716
4281,72.479741310906
4282,27.715949729068846
4283,31.18845684279551
4284,73.62758932398931
4285,31.234960006864853
4286,30.691440572344035
4287,31.14482667575556
4288,35.883260605332154
4289,30.91067204281677
4290,57.07425287809946
4291,34.90089092613768
4292,38.10439929916525
4293,65.00245456806293
4294,32.4179577744805
4295,53.370139151710426
4296,73.89895803350174
4297,38.57687166992373
4298,35.70357766606362
4299,29.117180305211363
4300,54.0777446500812
4301,57.462940848663074
4302,51.211065382038754
4303,26.026370892805744
4304,30.044408290310997
4305,63.15606382303669
4306,29.969272275475305
4307,67.62138383513117
4308,32.97989326301797
4309,71.52602608206638
4310,36.71222917357461
4311,29.42789491990598
4312,56.526404757132
4313,38.80796011833712
4314,26.89342841521099
4315,63.37557332383815
4316,29.47578390269792
4317,45.079772669500166
4318,57.42871903490398
4319,40.67120382727333
4320,58.83544614699685
4321,62.028348670928416
4322,30.57852640148954
4323,62.302362675975516
4324,69.40190281124417
4325,29.970885003465433
4326,25.34153554416927
4327,37.08448906203577
4328,28.12600678235328
4329,67.55978753614308
4330,58.732801413583964
4331,30.106636411315975
4332,41.4078856650631
4333,36.679101101855736
4334,26.446598484043108
4335,69.26855305132214
4336,34.24193751722199
4337,29.569677632586952
4338,25.09959186471862
4339,32.38817950538589
4340,63.873327996508905
4341,29.86018835101735
4342,29.769800980758248
4343,31.16575125789334
4344,54.39660524495241
4345,32.131443465837535
4346,69.53764117304593
4347,32.733716532239896
4348,60.110148381545834
4349,67.89840660525546
4350,34.6784285633459
4351,65.42732675299078
4352,42.94729299227201
4353,35.11279063743477
4354,37.86590782835178
4355,50.07499429171778
4356,70.85469343147732
4357,41.42005308032499
4358,33.92819707246634
4359,53.221382456681354
4360,52.73858085463573
4361,30.642774706230625
4362,28.503847875918495
4363,78.91820901533627
4364,26.033951686451758
4365,50.59526249986761
4366,37.08492854604221
4367,70.63843204369414
4368,45.486468672498304
4369,47.69989857002917
4370,48.738145589946264
4371,34.0678019903273
4372,30.11560462281968
4373,57.92442684336459
4374,32.695436005532095
4375,36.898446355379946
4376,40.93445527598304
4377,36.733717442463146
4378,67.01288640283454
4379,73.0482481468932
4380,30.37314495481865
4381,29.49937263404999
4382,36.29387998334818
4383,37.788676655385935
4384,35.13005978598554
4385,35.43397741153579
4386,52.790210039834946
4387,63.52891008615144
4388,28.96596515900258
4389,69.9198148180721
4390,46.35328639287313
4391,69.89541774061396
4392,36.500665355879256
4393,59.1023078486314
4394,66.60014806561526
4395,25.77456196845109
4396,28.035167706245886
4397,58.64043694245004
4398,66.98509334814756
4399,75.43589641902194
4400,34.07627904321181
4401,72.07225660080157
4402,33.4275341294607
4403,61.20664070517796
4404,35.497873996917576
4405,66.31489341279722
4406,32.97315316379611
4407,72.07233515168656
4408,34.083553855485945
4409,50.58322912677785
4410,63.86474974022313
4411,25.42713014495915
4412,49.11423268352181
4413,70.05017857491616
4414,59.28607155945039
4415,46.5277851315719
4416,70.58130867025693
4417,30.302647923897283
4418,54.91307165316778
4419,28.683657248240934
4420,50.61285018585168
4421,31.913073585642294
4422,69.84919079197054
4423,33.5916627297142
4424,52.48260325723383
4425,53.17949105798243
4426,50.391236606500534
4427,25.301011640951963
4428,57.71258851388841
4429,44.95973090269048
4430,52.16999083871737
4431,27.49078793617865
4432,29.748047385017152
4433,56.8482855821305
4434,62.26595858174543
4435,29.953285759577085
4436,33.98526554422434
4437,49.83867058090787
4438,31.933444368821377
4439,39.36015097970919
4440,31.807674265754223
4441,29.19452512281488
4442,67.02746637834156
4443,63.06715986768498
4444,52.01061534843599
4445,24.060520879961018
4446,46.08297754571147
4447,78.10989883635803
4448,38.397788851230516
4449,29.910106616485436
4450,52.687937708785796
4451,51.0559633054158
4452,65.88142967124806
4453,58.398186591996634
4454,79.06918363815876
4455,66.03174223916918
4456,58.91688776467652
4457,29.455996483241776
4458,54.77692572449433
4459,36.21494033478972
4460,67.30330531554002
4461,73.53192635769521
4462,30.409137561313187
4463,73.5699476248634
4464,69.99277084623478
4465,42.23740709155561
4466,35.57111732512405
4467,30.41177435773924
4468,44.591260625359155
4469,75.83335377328524
4470,26.257980113267678
4471,56.304153798533605
4472,36.89748495105264
4473,26.944091086044622
4474,34.58125101363157
4475,64.92917843290975
4476,31.445859450892556
4477,37.46842864160615
4478,57.10045838831408
4479,33.14769845686462
4480,28.045395257581298
4481,39.388524303740994
4482,37.795978892598974
4483,66.48049878241734
4484,34.29151508623051
4485,32.06946771341353
4486,27.789261289584957
4487,72.31793858728864
4488,69.05444565026129
4489,34.687730715203365
4490,26.346521133068947
4491,37.713666543022704
4492,31.00955207929075
4493,48.169174499525255
4494,24.79476139562751
4495,47.19118581457319
4496,28.770101309518523
4497,40.27807507851296
4498,27.588990996826467
4499,47.4861626094321
4500,28.246559428065986
4501,30.899638221623427
4502,68.95751177677406
4503,59.88712547251039
4504,77.91204147990986
4505,28.77231896574815
4506,58.83649171525934
4507,38.99906731340265
4508,35.6784483079918
4509,72.87561828460305
4510,51.30530753734544
4511,56.78229639525898
4512,33.21255957218191
4513,53.18560845945145
4514,52.21942395748549
4515,49.46721708667281
4516,63.33827308338872
4517,50.178697641247645
4518,26.32044862240508
4519,27.33420508283799
4520,38.08407486366394
4521,41.39672081792952
4522,33.62173628525646
4523,36.05928235735655
4524,56.64745904591418
4525,25.558701283947627
4526,34.38792415472798
4527,26.36076237257638
4528,34.99469724263064
4529,69.43336018331098
4530,52.32255812055796
4531,64.35894369278333
4532,71.3556591331135
4533,30.46838249626183
4534,31.160969829247705
4535,27.164459302933814
4536,69.12690026630217
4537,63.63695814432354
4538,28.46545485266195
4539,28.03877412035392
4540,72.62553145148587
4541,59.55712681052771
4542,27.820924316476443
4543,26.162520599270934
4544,31.976025405381357
4545,73.71654737486898
4546,82.1430222864535
4547,60.39806681190538
4548,75.62244873376024
4549,75.40857303878552
4550,58.50464051815116
4551,51.972313706932106
4552,32.0724617714297
4553,30.747158236901953
4554,59.24203700563623
4555,33.77547905103204
4556,74.07889401276094
4557,51.42300227113189
4558,32.0439310406115
4559,53.42512366716626
4560,29.85011789220961
4561,30.495282586825887
4562,65.1903019565136
4563,36.890954907270086
4564,28.36526701653061
4565,55.45091660752986
4566,32.55858402178997
4567,58.55726158342186
4568,49.84193530507951
4569,61.10531351357745
4570,27.877585857956795
4571,49.80994930673129
4572,27.57914019902961
4573,74.69667151228215
4574,27.012129496315545
4575,30.006102861009573
4576,46.15318647845194
4577,57.67459368692634
4578,74.66708788690619
4579,29.187472621127043
4580,54.12287167600261
4581,59.45707383693744
4582,55.4577145350779
4583,76.81542550773364
4584,35.51954276988927
4585,62.30064600469768
4586,24.301044070160273
4587,34.65023407726617
4588,58.65204372065496
4589,61.849998291454064
4590,59.88127942329372
4591,34.626751773000464
4592,62.931961450905405
4593,67.89514871439543
4594,29.065975699250167
4595,28.284451166694218
4596,36.64559859367129
4597,23.57494084120585
4598,32.94587145663314
4599,28.63463042647171
4600,66.27656640783479
4601,31.293346909051657
4602,35.45566748977019
4603,43.79299351129727
4604,60.31844353856012
4605,73.59980674041788
4606,39.059370536237324
4607,31.579796274293443
4608,46.14341314381349
4609,59.59351407017785
4610,38.36406242869728
4611,25.75009936988105
4612,36.280449818990476
4613,34.89478430324587
4614,31.778524378802707
4615,33.51233390337795
4616,70.58690782562307
4617,26.824045023734186
4618,85.16221345090813
4619,38.78410895276011
4620,38.133726253041885
4621,30.403723386696825
4622,58.60448758336345
4623,29.13573010492201
4624,36.078126912558766
4625,73.1696234637752
4626,71.7328533625425
4627,74.50644792728434
4628,73.04041881543041
4629,32.21038720802335
4630,73.05944830859903
4631,73.42412018517899
4632,34.1065060917028
4633,30.17738980825247
4634,69.48347124159473
4635,59.538500366364076
4636,31.89280526333505
4637,35.90998067518976
4638,68.02122891362836
4639,68.39839763512069
4640,32.645058387014984
4641,70.22892339824055
4642,33.30516501421778
4643,75.93172856008694
4644,34.71548570136687
4645,29.7350178813466
4646,75.86152178192972
4647,73.70198738638882
4648,31.846276089083126
4649,33.73573628441723
4650,48.22270865718092
4651,38.31394999085238
4652,43.60127551416008
4653,72.91418245027965
4654,73.71135172465287
4655,36.98212395373205
4656,33.687424479673815
4657,28.32823656696616
4658,28.74092055727091
4659,62.67186125918417
4660,27.500263266345925
4661,32.701068685460726
4662,66.31676752890738
4663,56.44184083795426
4664,68.84224425020092
4665,27.858908248831895
4666,73.35865240410583
4667,27.457117972211215
4668,24.324741253817855
4669,35.58150575214482
4670,40.452526494796885
4671,70.48584340926368
4672,51.26202551558122
4673,34.10698715032072
4674,69.05504053428045
4675,52.80496636175447
4676,34.31673377736766
4677,69.62871733491149
4678,32.69200825986698
4679,61.498143242309524
4680,69.80360860860557
4681,33.68197459794762
4682,72.83458740165526
4683,42.8506816283218
4684,58.795752347568325
4685,33.07492179661817
4686,66.08340888368163
4687,66.58572514235544
4688,34.786214818670445
4689,62.64035963432379
4690,29.027430645658434
4691,62.30845767413109
4692,53.36620846060539
4693,30.170517817892467
4694,67.4801049795201
4695,63.12767748160418
4696,59.29476218065527
4697,26.841065920995042
4698,35.96212460384575
4699,71.98620328528801
4700,68.31276083969485
4701,34.12420253724293
4702,43.45173856724816
4703,32.18223879517654
4704,27.59036559529317
4705,38.845485869372666
4706,30.893519240840064
4707,63.11668941183835
4708,29.273399333800548
4709,35.319122419315924
4710,27.178421045649316
4711,31.093601130274592
4712,63.17013590656968
4713,34.12677779413437
4714,34.52800669542624
4715,74.05380178426772
4716,34.54248547178602
4717,63.08373243322853
4718,31.43592999381667
4719,26.64883251574024
4720,68.92843807688443
4721,27.875551376203653
4722,51.706375596615096
4723,31.222807293356993
4724,38.42259474781228
4725,30.39746811592424
4726,30.527578369149644
4727,62.896395852832775
4728,67.27825362232215
4729,71.9084313076285
4730,70.03160349568482
4731,63.19426770538092
4732,34.53647268254702
4733,36.13368742147839
4734,42.28265071367256
4735,30.166640794495343
4736,32.91228374767009
4737,66.4066465615026
4738,28.009598446835106
4739,78.17003398532013
4740,75.07867236750428
4741,30.042013152658107
4742,34.7463482361387
4743,68.93935968659167
4744,58.792312187941505
4745,61.24992018344538
4746,44.76126787929083
4747,66.855731207769
4748,53.31915082662643
4749,74.70246725622056
4750,31.980500844184576
4751,35.346467650574645
4752,34.258135700110344
4753,70.68582039943402
4754,82.48523341410629
4755,34.13891748061382
4756,61.328566209576486
4757,41.28071353683801
4758,74.78275312668873
4759,28.574304091283338
4760,58.26860128770184
4761,62.31395801641047
4762,30.01511526714353
4763,68.27371248448196
4764,36.29019530303687
4765,26.6176507149695
4766,30.223110476910882
4767,35.477310524582876
4768,33.86200228462987
4769,31.013298646571464
4770,32.703277779208584
4771,28.785061664901257
4772,37.6662515989483
4773,68.85371243144151
4774,37.17648378839196
4775,55.129801152345046
4776,63.14317668583344
4777,30.815741943241612
4778,27.279112352990097
4779,62.75060358710962
4780,53.02132635571837
4781,62.71072521853615
4782,30.31130335057717
4783,50.09093816131647
4784,36.94377992493172
4785,34.12197496854395
4786,30.562563125306013
4787,73.63464354971485
4788,71.31348084317354
4789,75.15430878143471
4790,31.67219896376787
4791,66.3238319028565
4792,62.487017097362966
4793,21.81874474272076
4794,30.08943591904805
4795,34.54968723714495
4796,36.69286082037276
4797,28.443521516459818
4798,38.60154434908809
4799,55.1466207792133
4800,64.47659591573866
4801,30.656053689556344
4802,26.693877229573282
4803,26.798894151836834
4804,35.00884432451454
4805,30.45049219565479
4806,27.024281314774818
4807,69.91264757853452
4808,36.34185698247645
4809,80.14759296693832
4810,57.323628610634955
4811,66.33567123628848
4812,27.28813314270664
4813,29.949373413103054
4814,67.27469235857446
4815,53.54242577941028
4816,55.782657259928
4817,58.50574485880642
4818,32.44323319193188
4819,90.69775935104659
4820,44.058868055316786
4821,31.25417638313055
4822,42.14694024315401
4823,41.37207538061043
4824,35.289141044737875
4825,25.915700338312433
4826,52.6223671565691
4827,30.8851830343553
4828,63.11923765780439
4829,28.65536076977653
4830,67.94289030980387
4831,60.237331127860344
4832,76.92102659323942
4833,30.64868294440428
4834,25.74441501812096
4835,27.768071577013714
4836,28.749658162362337
4837,27.706492384589808
4838,59.309316735746386
4839,76.92190086789248
4840,50.90956163896996
4841,64.5505546430695
4842,33.43111363143697
4843,33.01061897537829
4844,37.81080077754663
4845,26.064441763448613
4846,52.45541070938462
4847,75.04816787171526
4848,68.88453754679439
4849,27.782947352344287
4850,26.831693468342834
4851,35.64444736458709
4852,59.54482976617829
4853,27.230867041353186
4854,36.277672167442475
4855,45.3631740827157
4856,65.31121389124615
4857,45.74704496176458
4858,37.82415870137652
4859,32.65171428444379
4860,32.87126246601978
4861,34.06479799614046
4862,31.949980384885315
4863,30.89768341414252
4864,66.50689370281405
4865,36.90747301360863
4866,70.44478281976946
4867,32.08531597224096
4868,30.77975092824692
4869,41.8690280635425
4870,30.56134998663596
4871,72.66254184213402
4872,63.05454319018746
4873,37.14119579727392
4874,28.67224354626873
4875,44.976060016613616
4876,61.658051417908844
4877,36.162273181085084
4878,78.33155977671001
4879,73.5795564625461
4880,34.5066680321998
4881,44.8916675739755
4882,37.6770780242645
4883,31.31552648815095
4884,32.08333310562972
4885,57.92980459930287
4886,74.07750888096479
4887,40.751118061327176
4888,43.275043145857055
4889,23.999472767074487
4890,55.49460494063811
4891,39.58225300773455
4892,26.000241880299576
4893,65.81360374611974
4894,37.82415228466998
4895,32.880021114638296
4896,38.03383774135932
4897,69.46048391757776
4898,39.44672184524154
4899,65.17089427019322
4900,50.419542575791816
4901,76.06548571696348
4902,62.949150446629204
4903,69.34092420542513
4904,55.10890488555232
4905,64.34375303936241
4906,61.52541971561317
4907,34.476845571823674
4908,28.569358965125744
4909,70.24872488716015
4910,39.119783806391624
4911,28.67554341125252
4912,27.442739642344193
4913,75.20154668412258
4914,26.57094115008094
4915,32.95906099468762
4916,38.89489726551175
4917,51.35078196179744
4918,31.367851839014037
4919,72.10352330542054
4920,27.77020747461603
4921,29.837190001893283
4922,30.30158560261581
4923,59.82681074600043
4924,31.77854053641773
4925,40.50208627083091
4926,71.94371825588074
4927,33.84567290552651
4928,69.85015894965039
4929,75.2695620309794
4930,29.840363774783633
4931,48.81902882110085
4932,49.35150036722564
4933,56.419745684021464
4934,31.50657262328599
4935,33.58317306498179
4936,63.3250310724081
4937,27.640457267043885
4938,76.96627546943863
4939,35.99873365078355
4940,57.51209603933344
4941,64.13815901045565
4942,53.436690772587134
4943,62.990523096959436
4944,25.484642385446385
4945,73.53326504043338
4946,31.761879588542747
4947,32.177591939771105
4948,26.814778390526158
4949,31.625193945604572
4950,36.91907634912026
4951,21.851611257197916
4952,40.66023744827933
4953,60.15182751769376
4954,57.469351100966676
4955,64.49706856231796
4956,34.42195569497346
4957,31.872251592558868
4958,58.30159389788405
4959,36.601044252852205
4960,34.53317544257234
4961,33.44047258322822
4962,69.792536925831
4963,52.764793446180406
4964,37.218609041063694
4965,68.85770429017425
4966,33.40019085899672
4967,51.475051415077445
4968,78.29779503843373
4969,72.70452241423794
4970,71.42879319138227
4971,64.58444644240605
4972,35.7231838690895
4973,29.35287600253929
4974,64.44172659847982
4975,30.104829445281837
4976,32.66931050516905
4977,26.45936439434746
4978,43.471590716924226
4979,51.805590286986984
4980,75.9822538736436
4981,29.39632827648463
4982,31.256477049893327
4983,39.26800065303204
4984,52.92184945250822
4985,60.387689932736045
4986,75.3065921164613
4987,26.064260480445732
4988,56.20666479823467
4989,35.80508638477534
4990,70.37334800385435
4991,66.84573045702572
4992,33.00076325172148
4993,27.05937355689688
4994,52.3561144337591
4995,31.502422805627738
4996,60.103185039953466
4997,64.37060578463436
4998,50.54619581054952
4999,81.59677846951307
